university_id,major_name_en,major_name_cn,degree_level,is_active,notes
2704,Accounting and Finance BSc,会计 与 金融,Bachelor,1,https://www.birmingham.ac.uk/study/undergraduate/subjects/accounting-and-finance-courses
2704,Accounting and Finance with Business Analytics BSc,会计 与 金融（方向：商业分析）,Bachelor,1,https://www.birmingham.ac.uk/study/undergraduate/subjects/accounting-and-finance-courses
2704,Aerospace Engineering BEng,Aero航天工程 BEng（原名：Aerospace Engineering BEng）,Bachelor,1,https://www.birmingham.ac.uk/study/undergraduate/subjects/aerospace-engineering-courses/aerospace-engineering-beng
2704,Aerospace Engineering MEng,Aero航天工程 MEng（原名：Aerospace Engineering MEng）,Bachelor,1,https://www.birmingham.ac.uk/study/undergraduate/subjects/aerospace-engineering-courses/aerospace-engineering-meng
2704,Ancient History BA,Ancient History（原名：Ancient History）,Bachelor,1,https://www.birmingham.ac.uk/study/undergraduate/subjects/classics-ancient-history-and-archaeology-courses
2704,Ancient History and Archaeology BA,Ancient History 与 Archaeology（原名：Ancient History and Archaeology）,Bachelor,1,https://www.birmingham.ac.uk/study/undergraduate/subjects/classics-ancient-history-and-archaeology-courses
2704,Ancient and Medieval History BA,Ancient 与 Medieval History（原名：Ancient and Medieval History）,Bachelor,1,https://www.birmingham.ac.uk/study/undergraduate/subjects/classics-ancient-history-and-archaeology-courses
2704,Archaeology and History BA,Archaeology 与 History（原名：Archaeology and History）,Bachelor,1,https://www.birmingham.ac.uk/study/undergraduate/subjects/classics-ancient-history-and-archaeology-courses
2704,Artificial Intelligence (AI) and Computer Science BSc,人工智能 (AI) 与 计算机科学,Bachelor,1,https://www.birmingham.ac.uk/study/undergraduate/subjects/computer-science-courses/artificial-intelligence-ai-computer-science-bsc
2704,Artificial Intelligence (AI) and Computer Science with a Year in Industry BSc,人工智能 (AI) 与 计算机科学（方向：a Year in Industry）（原名：Artificial Intelligence (AI) and Computer Science）,Bachelor,1,https://www.birmingham.ac.uk/study/undergraduate/subjects/computer-science-courses
2704,Bachelor of Commercial Law with Integrated Foundation Year BCL (Dubai),Bachelor of Commercial 法学（方向：Integrated Foundation Year BCL）（迪拜校区）（原名：Bachelor of Commercial Law）,Bachelor,1,https://www.birmingham.ac.uk/study/undergraduate/subjects/law-courses/bachelor-of-commercial-law-with-integrated-foundation-year-bcl-dubai
2704,Biochemistry BSc,Biochemistry（原名：Biochemistry）,Bachelor,1,https://www.birmingham.ac.uk/study/undergraduate/subjects/biosciences-courses
2704,Biochemistry with Professional Placement MSci,Biochemistry（方向：Professional Placement）（原名：Biochemistry）,Bachelor,1,https://www.birmingham.ac.uk/study/undergraduate/subjects/biosciences-courses
2704,Biochemistry with Study in Continental Europe BSc,Biochemistry（方向：Study in Continental Europe）（原名：Biochemistry）,Bachelor,1,https://www.birmingham.ac.uk/study/undergraduate/subjects/biosciences-courses
2704,Biochemistry with an International Year BSc,Biochemistry（方向：an 国际 Year）（原名：Biochemistry）,Bachelor,1,https://www.birmingham.ac.uk/study/undergraduate/subjects/biosciences-courses
2704,Biological Sciences BSc,Biological Sciences（原名：Biological Sciences）,Bachelor,1,https://www.birmingham.ac.uk/study/undergraduate/subjects/biosciences-courses/biological-sciences-bsc
2704,Biological Sciences MSci,Biological Sciences（原名：Biological Sciences）,Bachelor,1,https://www.birmingham.ac.uk/study/undergraduate/subjects/biosciences-courses/biological-sciences-msci
2704,Biological Sciences with Professional Placement MSci,Biological Sciences（方向：Professional Placement）（原名：Biological Sciences）,Bachelor,1,https://www.birmingham.ac.uk/study/undergraduate/subjects/biosciences-courses
2704,Biomedical Science BSc,Biomedical Science（原名：Biomedical Science）,Bachelor,1,https://www.birmingham.ac.uk/study/undergraduate/subjects/medicine-courses/biomedical-science-bsc
2704,Biomedical Science MSci,Biomedical Science（原名：Biomedical Science）,Bachelor,1,https://www.birmingham.ac.uk/undergraduate/courses/med/biomedical-science-msci
2704,Biotechnology BSc,Bio科技（原名：Biotechnology）,Bachelor,1,https://www.birmingham.ac.uk/study/undergraduate/subjects/biosciences-courses
2704,Biotechnology with Placement Year MSci,Bio科技（含实习年）,Bachelor,1,https://www.birmingham.ac.uk/study/undergraduate/subjects/biosciences-courses
2704,Business Management BSc,商科 管理学,Bachelor,1,https://www.birmingham.ac.uk/study/undergraduate/subjects/business-and-management-courses/business-management-bsc
2704,Business Management with Business Analytics BSc,商科 管理学（方向：商业分析）,Bachelor,1,https://www.birmingham.ac.uk/study/undergraduate/subjects/business-and-management-courses
2704,Business Management with Business Analytics and Year in Industry BSc,商科 管理学（方向：商业分析 与 Year in Industry）（原名：Business Management）,Bachelor,1,https://www.birmingham.ac.uk/study/undergraduate/subjects/business-and-management-courses
2704,Business Management with Communications BSc,商科 管理学（方向：传播）,Bachelor,1,https://www.birmingham.ac.uk/study/undergraduate/subjects/business-and-management-courses
2704,Business Management with Communications and Year in Industry BSc,商科 管理学（方向：传播 与 Year in Industry）（原名：Business Management）,Bachelor,1,https://www.birmingham.ac.uk/study/undergraduate/subjects/business-and-management-courses
2704,Business Management with Economics (Dubai) BSc,商科 管理学（方向：经济学）（迪拜校区）,Bachelor,1,https://www.birmingham.ac.uk/study/undergraduate/subjects/economics-courses
2704,Business Management with Economics with Integrated Foundation Year (Dubai) BSc,商科 管理学（方向：经济学 with Integrated Foundation Year）（迪拜校区）（原名：Business Management）,Bachelor,1,https://www.birmingham.ac.uk/study/undergraduate/subjects/economics-courses
2704,Business Management with Psychology BSc (Dubai),商科 管理学（方向：心理学）（迪拜校区）,Bachelor,1,https://www.birmingham.ac.uk/study/undergraduate/subjects/psychology-and-neuroscience-courses
2704,Business Management with Psychology with Integrated Foundation Year BSc (Dubai),商科 管理学（方向：心理学 with Integrated Foundation Year）（迪拜校区）（原名：Business Management）,Bachelor,1,https://www.birmingham.ac.uk/study/undergraduate/subjects/psychology-and-neuroscience-courses
2704,Business Management with Year in Industry BSc,商科 管理学（方向：Year in Industry）（原名：Business Management）,Bachelor,1,https://www.birmingham.ac.uk/study/undergraduate/subjects/business-and-management-courses
2704,Chemical Engineering (International Study) MEng,化学工程 (国际 Study) MEng（原名：Chemical Engineering (International Study) MEng）,Bachelor,1,https://www.birmingham.ac.uk/study/undergraduate/subjects/chemical-engineering-courses
2704,Chemical Engineering BEng,化学工程 BEng（原名：Chemical Engineering BEng）,Bachelor,1,https://www.birmingham.ac.uk/study/undergraduate/subjects/chemical-engineering-courses
2704,Chemical Engineering MEng,化学工程 MEng（原名：Chemical Engineering MEng）,Bachelor,1,https://www.birmingham.ac.uk/study/undergraduate/subjects/chemical-engineering-courses/chemical-engineering-meng
2704,Chemical Engineering with Industrial Study BEng,化学工程（方向：工业 Study BEng）（原名：Chemical Engineering）,Bachelor,1,https://www.birmingham.ac.uk/study/undergraduate/subjects/chemical-engineering-courses
2704,Chemical Engineering with Industrial Study MEng,化学工程（方向：工业 Study MEng）（原名：Chemical Engineering）,Bachelor,1,https://www.birmingham.ac.uk/study/undergraduate/subjects/chemical-engineering-courses
2704,Chemical Engineering with International and Industrial Study MEng,化学工程（方向：国际 与 工业 Study MEng）,Bachelor,1,https://www.birmingham.ac.uk/study/undergraduate/subjects/chemical-engineering-courses
2704,Chemistry BSc,Chemistry（原名：Chemistry）,Bachelor,1,https://www.birmingham.ac.uk/study/undergraduate/subjects/chemistry-courses
2704,Chemistry MSci,Chemistry（原名：Chemistry）,Bachelor,1,https://www.birmingham.ac.uk/study/undergraduate/subjects/chemistry-courses/chemistry-msci
2704,Chemistry with Business Management BSc,Chemistry（方向：商科 管理学）（原名：Chemistry）,Bachelor,1,https://www.birmingham.ac.uk/study/undergraduate/subjects/chemistry-courses/chemistry-business-management-bsc
2704,Chemistry with Business Management MSci,Chemistry（方向：商科 管理学）（原名：Chemistry）,Bachelor,1,https://www.birmingham.ac.uk/study/undergraduate/subjects/chemistry-courses
2704,Chemistry with Foundation Year BSc,Chemistry（方向：Foundation Year）（原名：Chemistry）,Bachelor,1,https://www.birmingham.ac.uk/study/undergraduate/subjects/chemistry-courses
2704,Chemistry with Medicinal Chemistry and Drug Discovery BSc,Chemistry（方向：Medicinal Chemistry 与 Drug Discovery）（原名：Chemistry）,Bachelor,1,https://www.birmingham.ac.uk/study/undergraduate/subjects/chemistry-courses
2704,Chemistry with Medicinal Chemistry and Drug Discovery MSci,Chemistry（方向：Medicinal Chemistry 与 Drug Discovery）（原名：Chemistry）,Bachelor,1,https://www.birmingham.ac.uk/study/undergraduate/subjects/chemistry-courses
2704,Chemistry with Study Abroad MSci,Chemistry（海外交流）（原名：Chemistry）,Bachelor,1,https://www.birmingham.ac.uk/study/undergraduate/subjects/chemistry-courses
2704,Chemistry with Sustainability BSc,Chemistry（方向：Sustainability）（原名：Chemistry）,Bachelor,1,https://www.birmingham.ac.uk/study/undergraduate/subjects/chemistry-courses
2704,Chemistry with Sustainability MSci,Chemistry（方向：Sustainability）（原名：Chemistry）,Bachelor,1,https://www.birmingham.ac.uk/study/undergraduate/subjects/chemistry-courses
2704,Chemistry with a Modern Language BSc,Chemistry（方向：a Modern Language）（原名：Chemistry）,Bachelor,1,https://www.birmingham.ac.uk/study/undergraduate/subjects/chemistry-courses
2704,Chemistry with a Modern Language MSci,Chemistry（方向：a Modern Language）（原名：Chemistry）,Bachelor,1,https://www.birmingham.ac.uk/study/undergraduate/subjects/chemistry-courses
2704,Chemistry with a Year in Industry BSc,Chemistry（方向：a Year in Industry）（原名：Chemistry）,Bachelor,1,https://www.birmingham.ac.uk/study/undergraduate/subjects/chemistry-courses
2704,Chemistry with a Year in Industry MSci,Chemistry（方向：a Year in Industry）（原名：Chemistry）,Bachelor,1,https://www.birmingham.ac.uk/study/undergraduate/subjects/chemistry-courses
2704,Civil Engineering BEng,土木工程 BEng（原名：Civil Engineering BEng）,Bachelor,1,https://www.birmingham.ac.uk/study/undergraduate/subjects/civil-engineering-courses
2704,Civil Engineering MEng,土木工程 MEng（原名：Civil Engineering MEng）,Bachelor,1,https://www.birmingham.ac.uk/study/undergraduate/subjects/civil-engineering-courses
2704,Civil Engineering with Industrial Experience MEng,土木工程（方向：工业 Experience MEng）（原名：Civil Engineering）,Bachelor,1,https://www.birmingham.ac.uk/study/undergraduate/subjects/civil-engineering-courses
2704,Civil Engineering with Industrial Year MEng,土木工程 MEng（工业实习年）,Bachelor,1,https://www.birmingham.ac.uk/study/undergraduate/subjects/civil-engineering-courses
2704,Civil Engineering with International Study MEng,土木工程（方向：国际 Study MEng）（原名：Civil Engineering）,Bachelor,1,https://www.birmingham.ac.uk/study/undergraduate/subjects/civil-engineering-courses
2704,Classical Literature & Civilisation and Philosophy BA,Classical Literature 与 Civilisation 与 哲学（原名：Classical Literature & Civilisation and Philosophy）,Bachelor,1,https://www.birmingham.ac.uk/study/undergraduate/subjects/classics-ancient-history-and-archaeology-courses
2704,Classical Literature and Civilisation BA,Classical Literature 与 Civilisation（原名：Classical Literature and Civilisation）,Bachelor,1,https://www.birmingham.ac.uk/study/undergraduate/subjects/classics-ancient-history-and-archaeology-courses
2704,Classics BA,Classics（原名：Classics）,Bachelor,1,https://www.birmingham.ac.uk/study/undergraduate/subjects/classics-ancient-history-and-archaeology-courses
2704,Clinical Anatomy (Intercalated degree) MSci,临床 Anatomy (Intercalated degree)（原名：Clinical Anatomy (Intercalated degree)）,Bachelor,1,https://www.birmingham.ac.uk/undergraduate/courses/med/clinical-anatomy-intercalated
2704,Clinical Science (Intercalated degree) MSci,临床 Science (Intercalated degree)（原名：Clinical Science (Intercalated degree)）,Bachelor,1,https://www.birmingham.ac.uk/undergraduate/courses/med/clinicalsciencemsci-intercalateddegree
2704,Computer Engineering BSc,Computer Engineering（原名：Computer Engineering）,Bachelor,1,https://www.birmingham.ac.uk/study/undergraduate/subjects/computer-science-courses
2704,Computer Science BSc,计算机科学,Bachelor,1,https://www.birmingham.ac.uk/study/undergraduate/subjects/computer-science-courses/computer-science-bsc
2704,Computer Science MSci,计算机科学,Bachelor,1,https://www.birmingham.ac.uk/study/undergraduate/subjects/computer-science-courses
2704,Computer Science with Study Abroad BSc,计算机科学（海外交流）,Bachelor,1,https://www.birmingham.ac.uk/study/undergraduate/subjects/computer-science-courses
2704,Computer Science with Study Abroad MSci,计算机科学（海外交流）,Bachelor,1,https://www.birmingham.ac.uk/study/undergraduate/subjects/computer-science-courses
2704,Computer Science with a Year in Industry BSc,计算机科学（方向：a Year in Industry）（原名：Computer Science）,Bachelor,1,https://www.birmingham.ac.uk/study/undergraduate/subjects/computer-science-courses
2704,Computer Science with a Year in Industry MSci,计算机科学（方向：a Year in Industry）（原名：Computer Science）,Bachelor,1,https://www.birmingham.ac.uk/study/undergraduate/subjects/computer-science-courses/computer-science-industry-msci
2704,Computer Science/Software Engineering MEng,计算机科学 / 软件工程 MEng,Bachelor,1,https://www.birmingham.ac.uk/study/undergraduate/subjects/computer-science-courses
2704,Computer Science/Software Engineering with a Year in Industry MEng,计算机科学 / 软件工程（方向：a Year in Industry MEng）（原名：Computer Science/Software Engineering）,Bachelor,1,https://www.birmingham.ac.uk/study/undergraduate/subjects/computer-science-courses/computer-science-software-engineering-industry-meng
2704,Digital Media and Communications BA,数字媒体与传播,Bachelor,1,https://www.birmingham.ac.uk/study/undergraduate/subjects/english-language-and-linguistics-courses/digital-media-and-communications-ba
2704,Digital Media and Creative Industries BA,数字媒体 与 创意产业,Bachelor,1,https://www.birmingham.ac.uk/study/undergraduate/subjects/drama-courses/digital-media-and-creative-industries-ba
2704,Drama and English Literature BA,戏剧 与 英语文学,Bachelor,1,https://www.birmingham.ac.uk/study/undergraduate/subjects/drama-courses/drama-and-english-literature-ba
2704,Economics BSc,经济学,Bachelor,1,https://www.birmingham.ac.uk/study/undergraduate/subjects/economics-courses/economics-bsc
2704,Economics BSc (Dubai),经济学（迪拜校区）,Bachelor,1,https://www.birmingham.ac.uk/study/undergraduate/subjects/economics-courses
2704,Economics and Politics BSc,经济学 与 政治学,Bachelor,1,https://www.birmingham.ac.uk/study/undergraduate/subjects/economics-courses
2704,Economics with Integrated Foundation Year (Dubai) BSc,经济学（方向：Integrated Foundation Year）（迪拜校区）（原名：Economics）,Bachelor,1,https://www.birmingham.ac.uk/study/undergraduate/subjects/economics-courses
2704,Education BA (Hons),教育学 (Hons)（原名：Education (Hons)）,Bachelor,1,https://www.birmingham.ac.uk/study/undergraduate/subjects/education-courses/education-ba
2704,Education and Sociology BA (Hons),教育学 与 社会学 (Hons),Bachelor,1,https://www.birmingham.ac.uk/undergraduate/courses/edu/education-sociology
2704,Electronic and Electrical Engineering BEng,Electronic 与 Electrical Engineering BEng（原名：Electronic and Electrical Engineering BEng）,Bachelor,1,https://www.birmingham.ac.uk/study/undergraduate/subjects/electronic-electrical-and-systems-engineering-courses/electronic-electrical-engineering-beng
2704,Electronic and Electrical Engineering MEng,Electronic 与 Electrical Engineering MEng（原名：Electronic and Electrical Engineering MEng）,Bachelor,1,https://www.birmingham.ac.uk/study/undergraduate/subjects/electronic-electrical-and-systems-engineering-courses/electronic-electrical-engineering-meng
2704,Energy Engineering BEng,能源工程 BEng（原名：Energy Engineering BEng）,Bachelor,1,https://www.birmingham.ac.uk/study/undergraduate/subjects/chemical-engineering-courses
2704,Energy Engineering MEng,能源工程 MEng（原名：Energy Engineering MEng）,Bachelor,1,https://www.birmingham.ac.uk/study/undergraduate/subjects/chemical-engineering-courses/energy-engineering-meng
2704,Energy Engineering with Industrial Study BEng,能源工程（方向：工业 Study BEng）（原名：Energy Engineering）,Bachelor,1,https://www.birmingham.ac.uk/study/undergraduate/subjects/chemical-engineering-courses
2704,Energy Engineering with Industrial Study MEng,能源工程（方向：工业 Study MEng）（原名：Energy Engineering）,Bachelor,1,https://www.birmingham.ac.uk/study/undergraduate/subjects/chemical-engineering-courses
2704,Engineering BEng,Engineering BEng（原名：Engineering BEng）,Bachelor,1,https://www.birmingham.ac.uk/study/undergraduate/subjects/engineering-courses/engineering-beng
2704,Engineering MEng,Engineering MEng（原名：Engineering MEng）,Bachelor,1,https://www.birmingham.ac.uk/study/undergraduate/subjects/engineering-courses/engineering-meng
2704,Engineering and Physical Sciences Foundation Year BEng,Engineering 与 Physical Sciences Foundation Year BEng（原名：Engineering and Physical Sciences Foundation Year BEng）,Bachelor,1,https://www.birmingham.ac.uk/study/undergraduate/subjects/aerospace-engineering-courses
2704,English Literature BA,英语文学,Bachelor,1,https://www.birmingham.ac.uk/study/undergraduate/subjects/english-literature-courses/english-literature-ba
2704,English Literature and Classical Literature & Civilisation BA,英语文学 与 Classical Literature 与 Civilisation（原名：English Literature and Classical Literature & Civilisation）,Bachelor,1,https://www.birmingham.ac.uk/study/undergraduate/subjects/classics-ancient-history-and-archaeology-courses
2704,English Literature and Creative Writing BA,英语文学 与 创意 Writing（原名：English Literature and Creative Writing）,Bachelor,1,https://www.birmingham.ac.uk/study/undergraduate/subjects/film-creative-writing-courses/english-literature-and-creative-writing-ba
2704,English Literature and Film BA,英语文学 与 Film（原名：English Literature and Film）,Bachelor,1,https://www.birmingham.ac.uk/study/undergraduate/subjects/english-literature-courses
2704,English Literature and History BA,英语文学 与 History（原名：English Literature and History）,Bachelor,1,https://www.birmingham.ac.uk/study/undergraduate/subjects/english-literature-courses
2704,English Literature and History of Art BA,英语文学 与 History of Art（原名：English Literature and History of Art）,Bachelor,1,https://www.birmingham.ac.uk/study/undergraduate/subjects/english-literature-courses
2704,English Literature and Philosophy BA,英语文学 与 哲学,Bachelor,1,https://www.birmingham.ac.uk/study/undergraduate/subjects/english-literature-courses
2704,Environmental Change and Sustainability MSci,环境 Change 与 Sustainability（原名：Environmental Change and Sustainability）,Bachelor,1,https://www.birmingham.ac.uk/study/undergraduate/subjects/geology-and-earth-sciences-courses/environmental-change-and-sustainability-msci
2704,Environmental Change and Sustainability with Year Abroad BSc,环境 Change 与 Sustainability（含海外学习一年）（原名：Environmental Change and Sustainability）,Bachelor,1,https://www.birmingham.ac.uk/undergraduate/courses/gees/environmental-change-and-sustainability-bsc-abroad
2704,French BA,French（原名：French）,Bachelor,1,https://www.birmingham.ac.uk/undergraduate/courses/lang/french
2704,French and German BA,French 与 German（原名：French and German）,Bachelor,1,https://www.birmingham.ac.uk/undergraduate/courses/lang/french-and-german
2704,French and Italian BA,French 与 Italian（原名：French and Italian）,Bachelor,1,https://www.birmingham.ac.uk/undergraduate/courses/lang/french-and-italian
2704,French and Portuguese BA,French 与 Portuguese（原名：French and Portuguese）,Bachelor,1,https://www.birmingham.ac.uk/undergraduate/courses/lang/french-and-portuguese
2704,French and Russian BA,French 与 Russian（原名：French and Russian）,Bachelor,1,https://www.birmingham.ac.uk/undergraduate/courses/lang/french-and-russian
2704,French and Spanish BA,French 与 Spanish（原名：French and Spanish）,Bachelor,1,https://www.birmingham.ac.uk/undergraduate/courses/lang/french-and-spanish
2704,Geography MSci,地理学,Bachelor,1,https://www.birmingham.ac.uk/study/undergraduate/subjects/geography-urban-planning-and-environmental-sciences-courses/geography-msci
2704,Geology MSci,Geology（原名：Geology）,Bachelor,1,https://www.birmingham.ac.uk/study/undergraduate/subjects/geology-and-earth-sciences-courses/geology-msci
2704,German and Italian BA,German 与 Italian（原名：German and Italian）,Bachelor,1,https://www.birmingham.ac.uk/undergraduate/courses/lang/german-and-italian
2704,German and Russian BA,German 与 Russian（原名：German and Russian）,Bachelor,1,https://www.birmingham.ac.uk/undergraduate/courses/lang/german-and-russian
2704,German and Spanish BA,German 与 Spanish（原名：German and Spanish）,Bachelor,1,https://www.birmingham.ac.uk/undergraduate/courses/lang/german-and-spanish
2704,Global Health BMedSc - Intercalated Degree,Global Health BMedSc - Intercalated Degree（原名：Global Health BMedSc - Intercalated Degree）,Bachelor,1,https://www.birmingham.ac.uk/undergraduate/courses/med/global-health-bmedsc-intercalated-degree
2704,History of Medicine BMedSc - Intercalated Degree,History of 医学 BMedSc - Intercalated Degree（原名：History of Medicine BMedSc - Intercalated Degree）,Bachelor,1,https://www.birmingham.ac.uk/undergraduate/courses/med/historyofmedicinebmedsc-intercalateddegree
2704,Human Neuroscience BSc,Human 神经科学（原名：Human Neuroscience）,Bachelor,1,https://www.birmingham.ac.uk/study/undergraduate/subjects/psychology-and-neuroscience-courses
2704,Human Sciences BSc,Human Sciences（原名：Human Sciences）,Bachelor,1,https://www.birmingham.ac.uk/study/undergraduate/subjects/biosciences-courses/human-sciences-bsc
2704,Human Sciences MSci,Human Sciences（原名：Human Sciences）,Bachelor,1,https://www.birmingham.ac.uk/study/undergraduate/subjects/biosciences-courses
2704,International Business BSc,国际 商科,Bachelor,1,https://www.birmingham.ac.uk/study/undergraduate/subjects/business-and-management-courses/international-business-bsc
2704,International Development and Politics BA,国际发展 与 政治学,Bachelor,1,https://www.birmingham.ac.uk/study/undergraduate/subjects/politics-international-relations-and-development-courses/international-development-and-politics-ba
2704,International Development and Politics with Year Abroad BA,国际发展 与 政治学（含海外学习一年）,Bachelor,1,https://www.birmingham.ac.uk/study/undergraduate/subjects/politics-international-relations-and-development-courses/international-development-and-politics-with-year-abroad-ba
2704,International Law and Globalisation LLB,国际 法学 与 Globalisation LLB（原名：International Law and Globalisation LLB）,Bachelor,1,https://www.birmingham.ac.uk/study/undergraduate/subjects/law-courses/international-law-and-globalisation-llb
2704,International Relations BA,国际关系,Bachelor,1,https://www.birmingham.ac.uk/study/undergraduate/subjects/politics-international-relations-and-development-courses/international-relations-ba
2704,International Relations and Development BA,国际关系 与 Development（原名：International Relations and Development）,Bachelor,1,https://www.birmingham.ac.uk/study/undergraduate/subjects/politics-international-relations-and-development-courses/international-relations-and-development-ba
2704,International Relations and Development with Year Abroad BA,国际关系 与 Development（含海外学习一年）（原名：International Relations and Development）,Bachelor,1,https://www.birmingham.ac.uk/study/undergraduate/subjects/politics-international-relations-and-development-courses/international-relations-and-development-with-year-abroad-ba
2704,International Relations with Economics BA,国际关系（方向：经济学）,Bachelor,1,https://www.birmingham.ac.uk/study/undergraduate/subjects/economics-courses/international-relations-with-economics-ba
2704,International Relations with Economics with year abroad BA,国际关系（方向：经济学）（含海外学习一年）,Bachelor,1,https://www.birmingham.ac.uk/study/undergraduate/subjects/economics-courses
2704,International Relations with French BA,国际关系（方向：French）（原名：International Relations）,Bachelor,1,https://www.birmingham.ac.uk/study/undergraduate/subjects/politics-international-relations-and-development-courses/international-relations-with-french-ba
2704,International Relations with Spanish BA,国际关系（方向：Spanish）（原名：International Relations）,Bachelor,1,https://www.birmingham.ac.uk/study/undergraduate/subjects/politics-international-relations-and-development-courses/international-relations-with-spanish-ba
2704,International Relations with Year Abroad BA,国际关系（含海外学习一年）,Bachelor,1,https://www.birmingham.ac.uk/study/undergraduate/subjects/politics-international-relations-and-development-courses/international-relations-with-year-abroad-ba
2704,Italian and Spanish BA,Italian 与 Spanish（原名：Italian and Spanish）,Bachelor,1,https://www.birmingham.ac.uk/undergraduate/courses/lang/italian-and-spanish
2704,LLB for Graduates LLB,LLB for Graduates LLB（原名：LLB for Graduates LLB）,Bachelor,1,https://www.birmingham.ac.uk/study/undergraduate/subjects/law-courses/llb-for-graduates
2704,Law LLB,法学 LLB（原名：Law LLB）,Bachelor,1,https://www.birmingham.ac.uk/study/undergraduate/subjects/law-courses/law-llb
2704,Law with Business Studies LLB,法学（方向：商科 Studies LLB）（原名：Law）,Bachelor,1,https://www.birmingham.ac.uk/study/undergraduate/subjects/law-courses/law-with-business-studies-llb
2704,Law with Criminology LLB,法学（方向：犯罪学 LLB）,Bachelor,1,https://www.birmingham.ac.uk/study/undergraduate/subjects/law-courses/law-with-criminology-llb
2704,Liberal Arts BA,Liberal Arts（原名：Liberal Arts）,Bachelor,1,https://www.birmingham.ac.uk/study/undergraduate/subjects/liberal-arts-and-natural-sciences-courses/liberal-arts-ba
2704,MSci Health Management and Leadership - Intercalated Degree,Health 管理学 与 Leadership - Intercalated Degree（原名：Health Management and Leadership - Intercalated Degree）,Bachelor,1,https://www.birmingham.ac.uk/undergraduate/courses/med/health-management-leadership-intercalated-degree
2704,MSci Novel Emerging Medical Technology Evaluation and Development - Intercalated Degree,Novel Emerging Medical 科技 Evaluation 与 Development - Intercalated Degree（原名：Novel Emerging Medical Technology Evaluation and Development - Intercalated Degree）,Bachelor,1,https://www.birmingham.ac.uk/undergraduate/courses/med/novel-emerging-technology-msci-intercalateddegree
2704,Mathematical Economics and Statistics BSc,Mathematical 经济学 与 统计学（原名：Mathematical Economics and Statistics）,Bachelor,1,https://www.birmingham.ac.uk/study/undergraduate/subjects/economics-courses
2704,Mathematics BSc,数学,Bachelor,1,https://www.birmingham.ac.uk/study/undergraduate/subjects/mathematics-courses
2704,Mathematics MSci,数学,Bachelor,1,https://www.birmingham.ac.uk/study/undergraduate/subjects/mathematics-courses/mathematics-msci
2704,Mathematics and Computer Science BSc,数学 与 计算机科学,Bachelor,1,https://www.birmingham.ac.uk/study/undergraduate/subjects/computer-science-courses
2704,Mathematics and Computer Science MSci,数学 与 计算机科学,Bachelor,1,https://www.birmingham.ac.uk/study/undergraduate/subjects/mathematics-courses/mathematics-computer-science-msci
2704,Mathematics and Computer Science with Industrial Year BSc,数学 与 计算机科学（工业实习年）,Bachelor,1,https://www.birmingham.ac.uk/study/undergraduate/subjects/computer-science-courses
2704,Mathematics and Computer Science with Industrial Year MSci,数学 与 计算机科学（工业实习年）,Bachelor,1,https://www.birmingham.ac.uk/study/undergraduate/subjects/computer-science-courses
2704,Mathematics and Economics BSc,数学 与 经济学,Bachelor,1,https://www.birmingham.ac.uk/study/undergraduate/subjects/mathematics-courses
2704,Mathematics and Economics MSci,数学 与 经济学,Bachelor,1,https://www.birmingham.ac.uk/study/undergraduate/subjects/mathematics-courses
2704,Mathematics and Philosophy BSc,数学 与 哲学,Bachelor,1,https://www.birmingham.ac.uk/study/undergraduate/subjects/mathematics-courses
2704,Mathematics and Philosophy MSci,数学 与 哲学,Bachelor,1,https://www.birmingham.ac.uk/study/undergraduate/subjects/mathematics-courses
2704,Mathematics and Physics BSc,数学 与 Physics（原名：Mathematics and Physics）,Bachelor,1,https://www.birmingham.ac.uk/study/undergraduate/subjects/mathematics-courses
2704,Mathematics and Physics MSci,数学 与 Physics（原名：Mathematics and Physics）,Bachelor,1,https://www.birmingham.ac.uk/study/undergraduate/subjects/mathematics-courses
2704,Mathematics and Social Sciences BA,数学 与 Social Sciences（原名：Mathematics and Social Sciences）,Bachelor,1,https://www.birmingham.ac.uk/study/undergraduate/subjects/mathematics-courses
2704,Mathematics and Social Sciences with Study Abroad BA,数学 与 Social Sciences（海外交流）（原名：Mathematics and Social Sciences）,Bachelor,1,https://www.birmingham.ac.uk/study/undergraduate/subjects/mathematics-courses
2704,Mathematics and Sport Science BSc,数学 与 体育 Science（原名：Mathematics and Sport Science）,Bachelor,1,https://www.birmingham.ac.uk/study/undergraduate/subjects/mathematics-courses
2704,Mathematics and Sport Science MSci,数学 与 体育 Science（原名：Mathematics and Sport Science）,Bachelor,1,https://www.birmingham.ac.uk/study/undergraduate/subjects/mathematics-courses
2704,Mathematics and Statistics BSc,数学 与 统计学,Bachelor,1,https://www.birmingham.ac.uk/study/undergraduate/subjects/mathematics-courses
2704,Mathematics and Statistics MSci,数学 与 统计学,Bachelor,1,https://www.birmingham.ac.uk/study/undergraduate/subjects/mathematics-courses
2704,Mathematics with Business Management BSc,数学（方向：商科 管理学）,Bachelor,1,https://www.birmingham.ac.uk/study/undergraduate/subjects/mathematics-courses/mathematics-business-management-bsc
2704,Mathematics with Study Abroad BSc,数学（海外交流）,Bachelor,1,https://www.birmingham.ac.uk/study/undergraduate/subjects/mathematics-courses
2704,Mathematics with Study Abroad MSci,数学（海外交流）,Bachelor,1,https://www.birmingham.ac.uk/study/undergraduate/subjects/mathematics-courses
2704,Mathematics with an International Year BSc,数学（方向：an 国际 Year）（原名：Mathematics）,Bachelor,1,https://www.birmingham.ac.uk/study/undergraduate/subjects/mathematics-courses/mathematics-international-bsc
2704,Mechanical Engineering BEng,机械工程 BEng（原名：Mechanical Engineering BEng）,Bachelor,1,https://www.birmingham.ac.uk/study/undergraduate/subjects/mechanical-engineering-courses/mechanical-engineering-beng
2704,Mechanical Engineering MEng,机械工程 MEng（原名：Mechanical Engineering MEng）,Bachelor,1,https://www.birmingham.ac.uk/study/undergraduate/subjects/mechanical-engineering-courses/mechanical-engineering-meng
2704,Mechanical Engineering with Industrial Year BEng,机械工程 BEng（工业实习年）,Bachelor,1,https://www.birmingham.ac.uk/study/undergraduate/subjects/mechanical-engineering-courses/mechanical-engineering-industrial-beng
2704,Mechatronic and Robotic Engineering MEng,Mechatronic 与 Robotic Engineering MEng（原名：Mechatronic and Robotic Engineering MEng）,Bachelor,1,https://www.birmingham.ac.uk/study/undergraduate/subjects/electronic-electrical-and-systems-engineering-courses/mechatronic-robotic-engineering-meng
2704,Medical Science (Intercalated Degree) BMedSci,Medical Science (Intercalated Degree) BMedSci（原名：Medical Science (Intercalated Degree) BMedSci）,Bachelor,1,https://www.birmingham.ac.uk/undergraduate/courses/med/medical-sciences-bmedsc-intercalateddegree
2704,Medical Sciences (Intercalated degree) MSci,Medical Sciences (Intercalated degree)（原名：Medical Sciences (Intercalated degree)）,Bachelor,1,https://www.birmingham.ac.uk/study/undergraduate/subjects/medicine-courses/medical-sciences-msci-intercalated-degree
2704,Medicine and Surgery MBChB,医学 与 Surgery MBChB（原名：Medicine and Surgery MBChB）,Bachelor,1,https://www.birmingham.ac.uk/undergraduate/courses/med/medicine
2704,Midwifery BSc,助产学,Bachelor,1,https://www.birmingham.ac.uk/undergraduate/courses/med/bsc-midwifery
2704,Modern Languages BA,Modern Languages（原名：Modern Languages）,Bachelor,1,https://www.birmingham.ac.uk/undergraduate/courses/lang/modern-languages
2704,Modern Languages and English Literature BA,Modern Languages 与 英语文学（原名：Modern Languages and English Literature）,Bachelor,1,https://www.birmingham.ac.uk/study/undergraduate/subjects/english-literature-courses
2704,Modern Languages and History BA,Modern Languages 与 History（原名：Modern Languages and History）,Bachelor,1,https://www.birmingham.ac.uk/undergraduate/courses/jointhonours/modern-languages-and-history
2704,Modern Languages and History of Art BA,Modern Languages 与 History of Art（原名：Modern Languages and History of Art）,Bachelor,1,https://www.birmingham.ac.uk/undergraduate/courses/jointhonours/modern-languages-and-history-of-art
2704,Modern Languages and Linguistics BA,Modern Languages 与 Linguistics（原名：Modern Languages and Linguistics）,Bachelor,1,https://www.birmingham.ac.uk/undergraduate/courses/jointhonours/modern-languages-and-linguistics
2704,Modern Languages and Music BA,Modern Languages 与 Music（原名：Modern Languages and Music）,Bachelor,1,https://www.birmingham.ac.uk/undergraduate/courses/jointhonours/modern-languages-and-music
2704,Modern Languages with Business Management BA,Modern Languages（方向：商科 管理学）（原名：Modern Languages）,Bachelor,1,https://www.birmingham.ac.uk/undergraduate/courses/lang/mod-lang-business
2704,Modern Languages with Translation BA,Modern Languages（方向：Translation）（原名：Modern Languages）,Bachelor,1,https://www.birmingham.ac.uk/undergraduate/courses/lang/modern-languages-translation
2704,"Money, Banking and Finance BSc","Money, Banking 与 金融（原名：Money, Banking and Finance）",Bachelor,1,https://www.birmingham.ac.uk/study/undergraduate/subjects/accounting-and-finance-courses
2704,"Money, Banking and Finance BSc (Dubai)","Money, Banking 与 金融（迪拜校区）（原名：Money, Banking and Finance）",Bachelor,1,https://www.birmingham.ac.uk/study/undergraduate/subjects/economics-courses
2704,"Money, Banking and Finance with Integrated Foundation Year (Dubai) BSc","Money, Banking 与 金融（方向：Integrated Foundation Year）（迪拜校区）（原名：Money, Banking and Finance）",Bachelor,1,https://www.birmingham.ac.uk/study/undergraduate/subjects/economics-courses
2704,Natural Sciences BSc,Natural Sciences（原名：Natural Sciences）,Bachelor,1,https://www.birmingham.ac.uk/study/undergraduate/subjects/geology-and-earth-sciences-courses/natural-sciences-bsc
2704,Natural Sciences MSci,Natural Sciences（原名：Natural Sciences）,Bachelor,1,https://www.birmingham.ac.uk/study/undergraduate/subjects/geology-and-earth-sciences-courses/natural-sciences-msci
2704,Nursing (Adult) BNurs,护理学 (Adult) BNurs（原名：Nursing (Adult) BNurs）,Bachelor,1,https://www.birmingham.ac.uk/undergraduate/courses/med/bnurs-adult
2704,Nursing (Child) BNurs,护理学 (Child) BNurs（原名：Nursing (Child) BNurs）,Bachelor,1,https://www.birmingham.ac.uk/undergraduate/courses/med/bnurs-child
2704,Nursing (Mental Health) BNurs,护理学 (心理健康) BNurs,Bachelor,1,https://www.birmingham.ac.uk/undergraduate/courses/med/bnurs-mental-health
2704,"Philosophy, Politics and Law BA","哲学, 政治学 与 法学",Bachelor,1,https://www.birmingham.ac.uk/study/undergraduate/subjects/philosophy-courses/philosophy-politics-and-law-ba
2704,Physics (International Study) BSc,Physics (国际 Study)（原名：Physics (International Study)）,Bachelor,1,https://www.birmingham.ac.uk/study/undergraduate/subjects/physics-and-astronomy-courses
2704,Physics (International Study) MSci,Physics (国际 Study)（原名：Physics (International Study)）,Bachelor,1,https://www.birmingham.ac.uk/study/undergraduate/subjects/physics-and-astronomy-courses
2704,Physics BSc,Physics（原名：Physics）,Bachelor,1,https://www.birmingham.ac.uk/study/undergraduate/subjects/physics-and-astronomy-courses
2704,Physics MSci,Physics（原名：Physics）,Bachelor,1,https://www.birmingham.ac.uk/study/undergraduate/subjects/physics-and-astronomy-courses
2704,Physics and Astrophysics (International Study) BSc,Physics 与 Astrophysics (国际 Study)（原名：Physics and Astrophysics (International Study)）,Bachelor,1,https://www.birmingham.ac.uk/study/undergraduate/subjects/physics-and-astronomy-courses
2704,Physics and Astrophysics BSc,Physics 与 Astrophysics（原名：Physics and Astrophysics）,Bachelor,1,https://www.birmingham.ac.uk/study/undergraduate/subjects/physics-and-astronomy-courses
2704,Physics and Astrophysics MSci,Physics 与 Astrophysics（原名：Physics and Astrophysics）,Bachelor,1,https://www.birmingham.ac.uk/study/undergraduate/subjects/physics-and-astronomy-courses
2704,Physics with Particle Physics and Cosmology MSci,Physics（方向：Particle Physics 与 Cosmology）（原名：Physics）,Bachelor,1,https://www.birmingham.ac.uk/study/undergraduate/subjects/physics-and-astronomy-courses
2704,Politics BA,政治学,Bachelor,1,https://www.birmingham.ac.uk/study/undergraduate/subjects/politics-international-relations-and-development-courses/politics-ba
2704,Politics and International Relations BA,政治学 与 国际关系,Bachelor,1,https://www.birmingham.ac.uk/study/undergraduate/subjects/politics-international-relations-and-development-courses/politics-and-international-relations-ba
2704,Politics and International Relations with Year Abroad BA,政治学 与 国际关系（含海外学习一年）,Bachelor,1,https://www.birmingham.ac.uk/study/undergraduate/subjects/politics-international-relations-and-development-courses/politics-and-international-relations-with-year-abroad-ba
2704,Politics and Philosophy BA,政治学 与 哲学,Bachelor,1,https://www.birmingham.ac.uk/study/undergraduate/subjects/politics-international-relations-and-development-courses/politics-and-philosophy-ba
2704,Politics and Philosophy with Year Abroad BA,政治学 与 哲学（含海外学习一年）,Bachelor,1,https://www.birmingham.ac.uk/study/undergraduate/subjects/philosophy-courses/politics-and-philosophy-year-abroad-ba
2704,Politics and Social Policy BA,政治学 与 社会政策,Bachelor,1,https://www.birmingham.ac.uk/study/undergraduate/subjects/politics-international-relations-and-development-courses/politics-and-social-policy-ba
2704,Politics and Social Policy with Year Abroad BA,政治学 与 社会政策（含海外学习一年）,Bachelor,1,https://www.birmingham.ac.uk/study/undergraduate/subjects/politics-international-relations-and-development-courses/politics-and-social-policy-with-year-abroad-ba
2704,Politics and Sociology BA,政治学 与 社会学,Bachelor,1,https://www.birmingham.ac.uk/study/undergraduate/subjects/politics-international-relations-and-development-courses/politics-and-sociology-ba
2704,Politics and Sociology with Year Abroad BA,政治学 与 社会学（含海外学习一年）,Bachelor,1,https://www.birmingham.ac.uk/study/undergraduate/subjects/politics-international-relations-and-development-courses/politics-and-sociology-with-year-abroad-ba
2704,Politics with Year Abroad BA,政治学（含海外学习一年）,Bachelor,1,https://www.birmingham.ac.uk/study/undergraduate/subjects/politics-international-relations-and-development-courses/politics-with-year-abroad-ba
2704,"Politics, Philosophy and Economics BA","政治学, 哲学 与 经济学",Bachelor,1,https://www.birmingham.ac.uk/study/undergraduate/subjects/politics-international-relations-and-development-courses/politics-philosophy-and-economics-ba
2704,Psychology BSc,心理学,Bachelor,1,https://www.birmingham.ac.uk/study/undergraduate/subjects/psychology-and-neuroscience-courses
2704,Psychology BSc (Dubai),心理学（迪拜校区）,Bachelor,1,https://www.birmingham.ac.uk/study/undergraduate/subjects/psychology-and-neuroscience-courses
2704,Psychology and Psychological Practice MSci,心理学 与 Psychological Practice（原名：Psychology and Psychological Practice）,Bachelor,1,https://www.birmingham.ac.uk/study/undergraduate/subjects/psychology-and-neuroscience-courses
2704,Psychology and Religion BA,心理学 与 Religion（原名：Psychology and Religion）,Bachelor,1,https://www.birmingham.ac.uk/study/undergraduate/subjects/psychology-and-neuroscience-courses
2704,Psychology in Education BSc (Hons),心理学 in 教育学 (Hons)（原名：Psychology in Education (Hons)）,Bachelor,1,https://www.birmingham.ac.uk/undergraduate/courses/edu/psychology-education
2704,Psychology with Business Management BSc (Dubai),心理学（方向：商科 管理学）（迪拜校区）,Bachelor,1,https://www.birmingham.ac.uk/study/undergraduate/subjects/psychology-and-neuroscience-courses
2704,Psychology with Business Management Integrated Foundation Year BSc (Dubai),心理学（方向：商科 管理学 Integrated Foundation Year）（迪拜校区）（原名：Psychology）,Bachelor,1,https://www.birmingham.ac.uk/study/undergraduate/subjects/psychology-and-neuroscience-courses
2704,Psychology with Year Abroad BSc,心理学（含海外学习一年）,Bachelor,1,https://www.birmingham.ac.uk/study/undergraduate/subjects/psychology-and-neuroscience-courses
2704,Public and Global Health Sciences MSci - Intercalated Degree,Public 与 Global Health Sciences - Intercalated Degree（原名：Public and Global Health Sciences - Intercalated Degree）,Bachelor,1,https://www.birmingham.ac.uk/undergraduate/courses/med/publicandglobalhealthsciencemsci-intercalateddegree
2704,Russian and Spanish BA,Russian 与 Spanish（原名：Russian and Spanish）,Bachelor,1,https://www.birmingham.ac.uk/undergraduate/courses/lang/russian-and-spanish
2704,Social Anthropology BA,Social Anthropology（原名：Social Anthropology）,Bachelor,1,https://www.birmingham.ac.uk/study/undergraduate/subjects/anthropology-courses
2704,Social Anthropology and African Studies BA,Social Anthropology 与 African Studies（原名：Social Anthropology and African Studies）,Bachelor,1,https://www.birmingham.ac.uk/study/undergraduate/subjects/anthropology-courses
2704,Social Anthropology and Archaeology BA,Social Anthropology 与 Archaeology（原名：Social Anthropology and Archaeology）,Bachelor,1,https://www.birmingham.ac.uk/study/undergraduate/subjects/anthropology-courses
2704,Social Anthropology and Classical Literature and Civilisation BA,Social Anthropology 与 Classical Literature 与 Civilisation（原名：Social Anthropology and Classical Literature and Civilisation）,Bachelor,1,https://www.birmingham.ac.uk/study/undergraduate/subjects/anthropology-courses
2704,Social Anthropology and History BA,Social Anthropology 与 History（原名：Social Anthropology and History）,Bachelor,1,https://www.birmingham.ac.uk/study/undergraduate/subjects/anthropology-courses
2704,Social Anthropology and Politics BA,Social Anthropology 与 政治学（原名：Social Anthropology and Politics）,Bachelor,1,https://www.birmingham.ac.uk/study/undergraduate/subjects/anthropology-courses
2704,Spanish BA,Spanish（原名：Spanish）,Bachelor,1,https://www.birmingham.ac.uk/undergraduate/courses/lang/spanish
2704,Spanish and Portuguese BA,Spanish 与 Portuguese（原名：Spanish and Portuguese）,Bachelor,1,https://www.birmingham.ac.uk/undergraduate/courses/lang/spanish-and-portuguese
2704,"Sport, Exercise and Health Sciences BSc","体育, 运动 与 Health Sciences（原名：Sport, Exercise and Health Sciences）",Bachelor,1,https://www.birmingham.ac.uk/study/undergraduate/subjects/sport-sciences-courses/sport-exercise-and-health-sciences-bsc
2704,Theoretical Physics BSc,理论物理,Bachelor,1,https://www.birmingham.ac.uk/study/undergraduate/subjects/physics-and-astronomy-courses
2704,Theoretical Physics MSci,理论物理,Bachelor,1,https://www.birmingham.ac.uk/study/undergraduate/subjects/physics-and-astronomy-courses
2704,Theoretical Physics and Applied Mathematics BSc,理论物理与应用数学,Bachelor,1,https://www.birmingham.ac.uk/study/undergraduate/subjects/mathematics-courses
2704,Theoretical Physics and Applied Mathematics MSci,理论物理与应用数学,Bachelor,1,https://www.birmingham.ac.uk/study/undergraduate/subjects/mathematics-courses
2704,AI in Management MSc,AI in 管理学（原名：AI in Management）,Master,1,https://www.birmingham.ac.uk/study/postgraduate/subjects/business-courses/ai-in-management-msc
2704,Accounting and Finance MSc,会计 与 金融,Master,1,https://www.birmingham.ac.uk/study/postgraduate/subjects/accounting-and-finance-courses/accounting-and-finance-msc
2704,Advanced Chemical Engineering MSc / PGDip,高级 化学工程 /,Master,1,https://www.birmingham.ac.uk/study/postgraduate/subjects/chemical-engineering-courses
2704,Advanced Clinical Pharmacy Practice (International) MSc,高级 临床 Pharmacy Practice (国际)（原名：Advanced Clinical Pharmacy Practice (International)）,Master,1,https://www.birmingham.ac.uk/postgraduate/courses/taught/mdslisting
2704,Advanced Clinical Practice (Advanced Critical Care Practitioner) MSc / PGDip / PGCert,高级 临床 Practice (高级 Critical Care Practitioner) / /（原名：Advanced Clinical Practice (Advanced Critical Care Practitioner) / /）,Master,1,https://www.birmingham.ac.uk/postgraduate/courses/taught/mdslisting
2704,Advanced Clinical Practice (Midwifery) MSc / PGDip / PGCert,高级 临床 Practice (助产学) / /,Master,1,https://www.birmingham.ac.uk/postgraduate/courses/taught/mdslisting
2704,Advanced Clinical Practice MSc/PGDip/PGCert,高级 临床 Practice / /（原名：Advanced Clinical Practice //）,Master,1,https://www.birmingham.ac.uk/postgraduate/courses/taught/mdslisting
2704,Advanced Computer Science MSc,高级 计算机科学,Master,1,https://www.birmingham.ac.uk/study/postgraduate/subjects/computer-science-and-data-science-courses/advanced-computer-science-msc
2704,Advanced Engineering Management (Construction Management) MSc,高级 Engineering 管理学 (Construction 管理学)（原名：Advanced Engineering Management (Construction Management)）,Master,1,https://www.birmingham.ac.uk/study/postgraduate/subjects/engineering-management-courses/advanced-engineering-management-construction-msc
2704,Advanced Engineering Management (Highways) MSc,高级 Engineering 管理学 (Highways)（原名：Advanced Engineering Management (Highways)）,Master,1,https://www.birmingham.ac.uk/study/postgraduate/subjects/engineering-management-courses/advanced-engineering-management-highways-msc
2704,Advanced Engineering Management (Operations Management) MSc,高级 Engineering 管理学 (Operations 管理学)（原名：Advanced Engineering Management (Operations Management)）,Master,1,https://www.birmingham.ac.uk/study/postgraduate/subjects/engineering-management-courses/advanced-engineering-management-operations-msc
2704,Advanced Engineering Management (Project Management) MSc,高级 Engineering 管理学 (Project 管理学)（原名：Advanced Engineering Management (Project Management)）,Master,1,https://www.birmingham.ac.uk/about/college-of-engineering-and-physical-sciences/engineering/postgraduate-taught
2704,Advanced Engineering Management (Systems Management) MSc,高级 Engineering 管理学 (Systems 管理学)（原名：Advanced Engineering Management (Systems Management)）,Master,1,https://www.birmingham.ac.uk/about/college-of-engineering-and-physical-sciences/engineering/postgraduate-taught
2704,Advanced Engineering Management MSc,高级 Engineering 管理学（原名：Advanced Engineering Management）,Master,1,https://www.birmingham.ac.uk/study/postgraduate/subjects/engineering-management-courses/advanced-engineering-management-msc
2704,Advanced Engineering Management MSc (Dubai),高级 Engineering 管理学（迪拜校区）（原名：Advanced Engineering Management）,Master,1,https://www.birmingham.ac.uk/about/college-of-engineering-and-physical-sciences/engineering/postgraduate-taught
2704,Advanced Mechanical Engineering MSc,高级 机械工程,Master,1,https://www.birmingham.ac.uk/about/college-of-engineering-and-physical-sciences/engineering/postgraduate-taught
2704,Advancing Nursing Science MSc / PGDip / PGCert,Advancing 护理学 Science / /（原名：Advancing Nursing Science / /）,Master,1,https://www.birmingham.ac.uk/postgraduate/courses/taught/mdslisting
2704,Africa and Development MA,Africa 与 Development（原名：Africa and Development）,Master,1,https://www.birmingham.ac.uk/about/college-of-social-sciences/international-development-department/postgraduate-courses-in-international-development-department
2704,Air Pollution Management and Control MSc / PGDip,Air Pollution 管理学 与 Control /（原名：Air Pollution Management and Control /）,Master,1,https://www.birmingham.ac.uk/about/college-of-life-and-environmental-sciences/school-of-geography-earth-and-environmental-sciences/postgraduate-courses
2704,Applied Mathematics MRes,应用数学,Master,1,https://www.birmingham.ac.uk/about/college-of-engineering-and-physical-sciences/mathematics/postgraduate-taught
2704,Applied Mathematics MSc,应用数学,Master,1,https://www.birmingham.ac.uk/about/college-of-engineering-and-physical-sciences/mathematics/postgraduate-taught
2704,Applied Meteorology and Climatology MSc,应用 Meteorology 与 Climatology（原名：Applied Meteorology and Climatology）,Master,1,https://www.birmingham.ac.uk/about/college-of-life-and-environmental-sciences/school-of-geography-earth-and-environmental-sciences/postgraduate-courses
2704,Artificial Intelligence (AI) MSc,人工智能 (AI),Master,1,https://www.birmingham.ac.uk/study/postgraduate/subjects/computer-science-and-data-science-courses/artificial-intelligence-msc
2704,Artificial Intelligence (AI) and Machine Learning MSc,人工智能 (AI) 与 机器学习,Master,1,https://www.birmingham.ac.uk/study/postgraduate/subjects/computer-science-and-data-science-courses/artificial-intelligence-machine-learning-msc
2704,Artificial Intelligence Implementation (Healthcare) MSc / PGDip,人工智能 Implementation (Healthcare) /（原名：Artificial Intelligence Implementation (Healthcare) /）,Master,1,https://www.birmingham.ac.uk/postgraduate/courses/taught/mdslisting
2704,Bioinformatics MSc (Dubai Campus),Bioinformatics (Dubai Campus)（原名：Bioinformatics (Dubai Campus)）,Master,1,https://www.birmingham.ac.uk/postgraduate/courses/taught/mdslisting
2704,Bioinformatics MSc (Online),Bioinformatics（线上）（原名：Bioinformatics）,Master,1,https://www.birmingham.ac.uk/postgraduate/courses/taught/mdslisting
2704,Bioinformatics MSc/PGDip/PGCert,Bioinformatics / /（原名：Bioinformatics //）,Master,1,https://www.birmingham.ac.uk/postgraduate/courses/taught/mdslisting
2704,Biomedical Innovation MSc/PGDip/PGCert,Biomedical Innovation / /（原名：Biomedical Innovation //）,Master,1,https://www.birmingham.ac.uk/postgraduate/courses/taught/mdslisting
2704,Biomedical Sciences MSc,Biomedical Sciences（原名：Biomedical Sciences）,Master,1,https://www.birmingham.ac.uk/postgraduate/courses/taught/mdslisting
2704,Business Analytics MSc,商业分析,Master,1,https://www.birmingham.ac.uk/study/postgraduate/subjects/business-courses/business-analytics-msc
2704,Character Education MA (Online),Character 教育学（线上）（原名：Character Education）,Master,1,https://www.birmingham.ac.uk/study/postgraduate/courses/taught/education/character-education-ma-online
2704,Chartered Town Planner Degree Apprenticeship MSc,Chartered 城市规划 Degree Apprenticeship（原名：Chartered Town Planner Degree Apprenticeship）,Master,1,https://www.birmingham.ac.uk/study/postgraduate/subjects/urban-and-regional-planning-courses/chartered-town-planner-level-7-degree-apprenticeship
2704,Chemical Engineering PhD / MSc (Res),化学工程 PhD / (Res)（原名：Chemical Engineering PhD / (Res)）,Master,1,https://www.birmingham.ac.uk/study/postgraduate/subjects/chemical-engineering-courses/chemical-engineering-phd
2704,Chemical Engineering Science MRes,化学工程 Science（原名：Chemical Engineering Science）,Master,1,https://www.birmingham.ac.uk/study/postgraduate/subjects/chemical-engineering-courses
2704,Chemistry PhD / MSc (Res),Chemistry PhD / (Res)（原名：Chemistry PhD / (Res)）,Master,1,https://www.birmingham.ac.uk/study/postgraduate/subjects/chemistry-courses/chemistry-phd
2704,Civil Engineering and Management MSc / PGDip / PGCert,土木工程 与 管理学 / /,Master,1,https://www.birmingham.ac.uk/about/college-of-engineering-and-physical-sciences/engineering/postgraduate-taught
2704,"Climate Change, Adaptation and Policy MSc","Climate Change, Adaptation 与 Policy（原名：Climate Change, Adaptation and Policy）",Master,1,https://www.birmingham.ac.uk/about/college-of-life-and-environmental-sciences/school-of-geography-earth-and-environmental-sciences/postgraduate-courses
2704,Clinical Exercise Physiology MSc,临床运动生理学,Master,1,https://www.birmingham.ac.uk/study/postgraduate/subjects/sport-and-exercise-sciences-courses/clinical-exercise-physiology-msc
2704,Clinical Neuropsychiatry MSc/PGDip/PGCert,临床 Neuropsychiatry / /（原名：Clinical Neuropsychiatry //）,Master,1,https://www.birmingham.ac.uk/postgraduate/courses/taught/mdslisting
2704,Clinical Oncology (full-time) MSc,临床 Oncology (full-time)（原名：Clinical Oncology (full-time)）,Master,1,https://www.birmingham.ac.uk/postgraduate/courses/taught/mdslisting
2704,Clinical Oncology (part-time) MSc,临床 Oncology (part-time)（原名：Clinical Oncology (part-time)）,Master,1,https://www.birmingham.ac.uk/postgraduate/courses/taught/mdslisting
2704,Clinical Pharmacy (International) MSc,临床 Pharmacy (国际)（原名：Clinical Pharmacy (International)）,Master,1,https://www.birmingham.ac.uk/postgraduate/courses/taught/mdslisting
2704,Clinical Trials MSc,临床 Trials（原名：Clinical Trials）,Master,1,https://www.birmingham.ac.uk/postgraduate/courses/taught/mdslisting
2704,Cognitive Neuroimaging and Data Science MSc,Cognitive 神经影像 与 数据科学（原名：Cognitive Neuroimaging and Data Science）,Master,1,https://www.birmingham.ac.uk/study/postgraduate/subjects/psychology-courses/cognitive-neuroimaging-and-data-science-msc
2704,Commercial Law LLM,Commercial 法学（原名：Commercial Law）,Master,1,https://www.birmingham.ac.uk/study/postgraduate/subjects/law-courses/commercial-law-llm
2704,"Commercial, Banking and Finance Law LLM","Commercial, Banking 与 金融 法学（原名：Commercial, Banking and Finance Law）",Master,1,https://www.birmingham.ac.uk/study/postgraduate/subjects/law-courses/commercial-banking-and-finance-law-llm
2704,Communications Engineering MSc,传播 Engineering（原名：Communications Engineering）,Master,1,https://www.birmingham.ac.uk/study/postgraduate/subjects/electronic-electrical-and-systems-engineering-courses/communications-engineering-msc
2704,Computer Science (January) MSc,计算机科学 (January)（原名：Computer Science (January)）,Master,1,https://www.birmingham.ac.uk/study/postgraduate/subjects/computer-science-and-data-science-courses/computer-science-msc-january
2704,Computer Science MSc,计算机科学,Master,1,https://www.birmingham.ac.uk/study/postgraduate/subjects/computer-science-and-data-science-courses/computer-science-msc
2704,Construction Management MSc (Dubai),Construction 管理学（迪拜校区）（原名：Construction Management）,Master,1,https://www.birmingham.ac.uk/about/college-of-engineering-and-physical-sciences/engineering/postgraduate-taught
2704,Criminal Law and Criminal Justice LLM,Criminal 法学 与 Criminal Justice（原名：Criminal Law and Criminal Justice）,Master,1,https://www.birmingham.ac.uk/study/postgraduate/subjects/law-courses/criminal-law-and-criminal-justice-llm
2704,Cyber Security MSc,网络安全,Master,1,https://www.birmingham.ac.uk/study/postgraduate/subjects/computer-science-and-data-science-courses/cyber-security-msc
2704,Data Science MSc,数据科学,Master,1,https://www.birmingham.ac.uk/study/postgraduate/subjects/computer-science-and-data-science-courses/data-science-msc
2704,Deaf Education MA / PGDip,Deaf 教育学 /（原名：Deaf Education /）,Master,1,https://www.birmingham.ac.uk/study/postgraduate/subjects/teacher-education-courses/deaf-education-ma
2704,Dental Materials Science MSc/Diploma/Certificate,Dental 材料 Science / Diploma / Certificate（原名：Dental Materials Science /Diploma/Certificate）,Master,1,https://www.birmingham.ac.uk/postgraduate/courses/taught/mdslisting
2704,Developmental Science and Neurodiversity MSc,发展科学 与 神经多样性,Master,1,https://www.birmingham.ac.uk/study/postgraduate/subjects/psychology-courses/developmental-science-and-neurodiversity-msc
2704,Dyslexia and Literacy Difficulties (Online) PGCert,阅读障碍（Dyslexia） 与 Literacy Difficulties（线上）（原名：Dyslexia and Literacy Difficulties）,Master,1,https://www.birmingham.ac.uk/study/postgraduate/subjects/teacher-education-courses/dyslexia-and-literacy-difficulties
2704,Earth Sciences Research MSc (Res),地球科学 Research (Res)（原名：Earth Sciences Research (Res)）,Master,1,https://www.birmingham.ac.uk/study/postgraduate/subjects/geography-earth-and-environmental-sciences-courses/earth-sciences-research-msc
2704,Economics MSc,经济学,Master,1,https://www.birmingham.ac.uk/study/postgraduate/subjects/business-and-management-courses/economics-msc
2704,"Economics, AI and Data Science MSc","经济学, AI 与 数据科学",Master,1,https://www.birmingham.ac.uk/study/postgraduate/subjects/economics-courses/economics-ai-data-science-msc
2704,Education MA,教育学,Master,1,https://www.birmingham.ac.uk/study/postgraduate/subjects/teacher-education-courses/education-ma
2704,Education for Health Professionals - MEd/PGDip/PGCert,教育学 for Health Professionals - / /（原名：Education for Health Professionals - //）,Master,1,https://www.birmingham.ac.uk/postgraduate/courses/taught/mdslisting
2704,Educational Leadership MA,教育学al Leadership（原名：Educational Leadership）,Master,1,https://www.birmingham.ac.uk/study/postgraduate/subjects/teacher-education-courses/educational-leadership-ma
2704,Educational Leadership and Management MA,教育学al Leadership 与 管理学（原名：Educational Leadership and Management）,Master,1,https://www.birmingham.ac.uk/study/postgraduate/subjects/teacher-education-courses/educational-leadership-and-management-ma
2704,Electrical Power Systems MSc,Electrical Power Systems（原名：Electrical Power Systems）,Master,1,https://www.birmingham.ac.uk/study/postgraduate/subjects/electronic-electrical-and-systems-engineering-courses/electrical-power-systems-msc
2704,Electrical Power Systems with Advanced Research MSc,Electrical Power Systems（方向：高级 Research）（原名：Electrical Power Systems）,Master,1,https://www.birmingham.ac.uk/study/postgraduate/subjects/electronic-electrical-and-systems-engineering-courses/electrical-power-systems-advanced-research-msc
2704,Electronic and Computer Engineering MSc,Electronic 与 Computer Engineering（原名：Electronic and Computer Engineering）,Master,1,https://www.birmingham.ac.uk/study/postgraduate/subjects/electronic-electrical-and-systems-engineering-courses/electronic-computer-engineering-msc
2704,Endodontics MSc,Endodontics（原名：Endodontics）,Master,1,https://www.birmingham.ac.uk/postgraduate/courses/taught/mdslisting
2704,Energy and Environmental Law LLM (Dubai),Energy 与 环境 法学（迪拜校区）,Master,1,https://www.birmingham.ac.uk/dubai/study/postgraduate/subjects/law-courses/llm-energy-and-environmental-law
2704,English Literature MA,英语文学,Master,1,https://www.birmingham.ac.uk/study/postgraduate/subjects/english-literature-courses/english-literature-ma
2704,English-Chinese Interpreting with Translation MA,English-Chinese 口译（方向：Translation）（原名：English-Chinese Interpreting）,Master,1,https://www.birmingham.ac.uk/study/postgraduate/subjects/languages-cultures-and-translation-courses/english-chinese-interpreting-with-translation-ma
2704,"Environment, Development and Politics MSc","环境, Development 与 政治学（原名：Environment, Development and Politics）",Master,1,https://www.birmingham.ac.uk/study/postgraduate/subjects/politics-development-and-international-relations-courses/environment-development-and-politics-msc
2704,Environmental Health MSc,Environ心理健康（原名：Environmental Health）,Master,1,https://www.birmingham.ac.uk/about/college-of-life-and-environmental-sciences/school-of-geography-earth-and-environmental-sciences/postgraduate-courses
2704,Environmental and Biological Nanoscience MRes,环境 与 Biological Nanoscience（原名：Environmental and Biological Nanoscience）,Master,1,https://www.birmingham.ac.uk/about/college-of-life-and-environmental-sciences/school-of-geography-earth-and-environmental-sciences/postgraduate-courses
2704,Environmental and Energy Law (Online) LLM,环境 与 Energy 法学（线上）,Master,1,https://www.birmingham.ac.uk/study/postgraduate/subjects/law-courses/energy-and-environmental-law-online-llm
2704,Environmental and Energy Law LLM (Online),环境 与 Energy 法学（线上）,Master,1,https://www.birmingham.ac.uk/study/postgraduate/subjects/law-courses/energy-and-environmental-law-online-llm
2704,"Environmental, Social and Governance Law, and Policy LLM","环境, Social 与 Governance 法学, 与 Policy（原名：Environmental, Social and Governance Law, and Policy）",Master,1,https://www.birmingham.ac.uk/study/postgraduate/subjects/law-courses/environmental-social-and-governance-law-and-policy-llm
2704,Exercise and Sport Sciences MRes,运动 与 体育 Sciences（原名：Exercise and Sport Sciences）,Master,1,https://www.birmingham.ac.uk/study/postgraduate/subjects/sport-and-exercise-sciences-courses/exercise-and-sport-sciences-mres
2704,Financial Data Science MSc,Financial 数据科学（原名：Financial Data Science）,Master,1,https://www.birmingham.ac.uk/about/college-of-engineering-and-physical-sciences/mathematics/postgraduate-taught
2704,Financial Data Science MSc (Dubai),Financial 数据科学（迪拜校区）（原名：Financial Data Science）,Master,1,https://www.birmingham.ac.uk/about/college-of-engineering-and-physical-sciences/mathematics/postgraduate-taught
2704,Financial Economics MSc,Financial 经济学（原名：Financial Economics）,Master,1,https://www.birmingham.ac.uk/study/postgraduate/subjects/accounting-and-finance-courses/financial-economics-msc
2704,Financial Engineering MSc,Financial Engineering（原名：Financial Engineering）,Master,1,https://www.birmingham.ac.uk/about/college-of-engineering-and-physical-sciences/mathematics/postgraduate-taught
2704,Financial Management MSc,Financial 管理学（原名：Financial Management）,Master,1,https://www.birmingham.ac.uk/study/postgraduate/subjects/accounting-and-finance-courses/financial-management-msc
2704,Financial Technology MSc,Financial 科技（原名：Financial Technology）,Master,1,https://www.birmingham.ac.uk/study/postgraduate/subjects/accounting-and-finance-courses/financial-technology-msc
2704,"Food Safety, Hygiene and Management MSc / PGCert / PGDip","Food Safety, Hygiene 与 管理学 / /（原名：Food Safety, Hygiene and Management / /）",Master,1,https://www.birmingham.ac.uk/study/postgraduate/subjects/chemical-engineering-courses
2704,Gender and Sexuality MA,Gender 与 Sexuality（原名：Gender and Sexuality）,Master,1,https://www.birmingham.ac.uk/study/postgraduate/subjects/sexuality-and-gender-courses/gender-and-sexuality-ma
2704,General LLM (Dubai),General（迪拜校区）（原名：General）,Master,1,https://www.birmingham.ac.uk/dubai/study/postgraduate/subjects/law-courses/llm-general
2704,General Law LLM,General 法学（原名：General Law）,Master,1,https://www.birmingham.ac.uk/study/postgraduate/subjects/law-courses/general-law-llm
2704,Genomic Medicine MSc/PGDip/PGCert,Genomic 医学 / /（原名：Genomic Medicine //）,Master,1,https://www.birmingham.ac.uk/postgraduate/courses/taught/mdslisting
2704,Geotechnical Engineering MSc / PGDip / PGCert,Geotechnical Engineering / /（原名：Geotechnical Engineering / /）,Master,1,https://www.birmingham.ac.uk/study/postgraduate/subjects/civil-engineering-courses/geotechnical-engineering-msc
2704,Global Criminology and Criminal Justice MA,Global 犯罪学 与 Criminal Justice（原名：Global Criminology and Criminal Justice）,Master,1,https://www.birmingham.ac.uk/study/postgraduate/subjects/social-policy-and-social-work-courses/global-criminology-and-criminal-justice-ma
2704,Global Energy and Environmental Law LLM,Global Energy 与 环境 法学（原名：Global Energy and Environmental Law）,Master,1,https://www.birmingham.ac.uk/study/postgraduate/subjects/law-courses/global-energy-and-environmental-law-llm
2704,Global Ethics and Justice (Distance Learning) MSc (Online),Global 伦理学 与 Justice (Distance Learning)（线上）（原名：Global Ethics and Justice (Distance Learning)）,Master,1,https://www.birmingham.ac.uk/study/postgraduate/subjects/philosophy-courses/global-ethics-and-justice-distance-learning-msc
2704,Global Ethics and Justice MSc,Global 伦理学 与 Justice（原名：Global Ethics and Justice）,Master,1,https://www.birmingham.ac.uk/study/postgraduate/subjects/philosophy-courses/global-ethics-and-justice-msc
2704,Global Health MSc,Global Health（原名：Global Health）,Master,1,https://www.birmingham.ac.uk/postgraduate/courses/taught/mdslisting
2704,"Hazards, Climate and Engineering Resilience MSc","Hazards, Climate 与 Engineering Resilience（原名：Hazards, Climate and Engineering Resilience）",Master,1,https://www.birmingham.ac.uk/about/college-of-life-and-environmental-sciences/school-of-geography-earth-and-environmental-sciences/postgraduate-courses
2704,Health Data Science MSc,Health 数据科学（原名：Health Data Science）,Master,1,https://www.birmingham.ac.uk/postgraduate/courses/taught/mdslisting
2704,Health Data Science MSc (Dubai Campus),Health 数据科学 (Dubai Campus)（原名：Health Data Science (Dubai Campus)）,Master,1,https://www.birmingham.ac.uk/postgraduate/courses/taught/mdslisting
2704,Health Economics and Econometrics MSc/PGDip,Health 经济学 与 Econometrics /（原名：Health Economics and Econometrics /）,Master,1,https://www.birmingham.ac.uk/postgraduate/courses/taught/mdslisting
2704,Health Economics and Health Policy MSc / PGDip / PGCert (Dubai Campus),Health 经济学 与 Health Policy / / (Dubai Campus)（原名：Health Economics and Health Policy / / (Dubai Campus)）,Master,1,https://www.birmingham.ac.uk/postgraduate/courses/taught/mdslisting
2704,Health Economics and Health Policy MSc/PGDip,Health 经济学 与 Health Policy /（原名：Health Economics and Health Policy /）,Master,1,https://www.birmingham.ac.uk/postgraduate/courses/taught/mdslisting
2704,Health Research Methods MSc/PGDip/PGCert,Health Research Methods / /（原名：Health Research Methods //）,Master,1,https://www.birmingham.ac.uk/postgraduate/courses/taught/mdslisting
2704,"Health, Safety and Environment Management MSc / PGDip","Health, Safety 与 环境 管理学 /（原名：Health, Safety and Environment Management /）",Master,1,https://www.birmingham.ac.uk/about/college-of-life-and-environmental-sciences/school-of-geography-earth-and-environmental-sciences/postgraduate-courses
2704,High Performance Sport MSc,高水平运动,Master,1,https://www.birmingham.ac.uk/study/postgraduate/subjects/sport-and-exercise-sciences-courses/high-performance-sport-msc
2704,Human Computer Interaction MSc,人机交互,Master,1,https://www.birmingham.ac.uk/study/postgraduate/subjects/computer-science-and-data-science-courses/human-computer-interaction-msc
2704,Human Resource Management (Dubai) MSc,Human Resource 管理学（迪拜校区）（原名：Human Resource Management）,Master,1,https://www.birmingham.ac.uk/dubai/study/postgraduate/subjects/business-and-finance-courses/human-resource-management-msc
2704,Human Resource Management MSc (Dubai),Human Resource 管理学（迪拜校区）（原名：Human Resource Management）,Master,1,https://www.birmingham.ac.uk/dubai/study/postgraduate/subjects/business-and-finance-courses/human-resource-management-msc
2704,Human Rights Law LLM,人权 法学,Master,1,https://www.birmingham.ac.uk/study/postgraduate/subjects/law-courses/human-rights-law-llm
2704,"Hydrogen, Fuel Cells and their Applications MRes",氢能、燃料电池及其应用,Master,1,https://www.birmingham.ac.uk/study/postgraduate/subjects/chemical-engineering-courses
2704,Hydrogeology MSc,Hydrogeology（原名：Hydrogeology）,Master,1,https://www.birmingham.ac.uk/about/college-of-life-and-environmental-sciences/school-of-geography-earth-and-environmental-sciences/postgraduate-courses
2704,Immunology and Immunotherapy MSc,Immunology 与 Immunotherapy（原名：Immunology and Immunotherapy）,Master,1,https://www.birmingham.ac.uk/postgraduate/courses/taught/mdslisting
2704,Inclusion (Special Educational Needs) MA (Online),融合教育 (Special 教育学al Needs)（线上）（原名：Inclusion (Special Educational Needs)）,Master,1,https://www.birmingham.ac.uk/study/postgraduate/courses/taught/education/inclusion-special-educational-needs-ma-online
2704,Intellectual Property Law LLM,知识产权 法学,Master,1,https://www.birmingham.ac.uk/study/postgraduate/subjects/law-courses/intellectual-property-law-llm
2704,International Business (Dubai) MSc,国际 商科（迪拜校区）,Master,1,https://www.birmingham.ac.uk/dubai/study/postgraduate/subjects/business-and-finance-courses/international-business-msc
2704,International Business (January) MSc,国际 商科 (January)（原名：International Business (January)）,Master,1,https://www.birmingham.ac.uk/study/postgraduate/subjects/business-courses/international-business-msc-jan-start
2704,International Business Law LLM,国际 商科 法学,Master,1,https://www.birmingham.ac.uk/study/postgraduate/subjects/law-courses/international-business-law-llm
2704,International Business MSc (Dubai),国际 商科（迪拜校区）,Master,1,https://www.birmingham.ac.uk/dubai/study/postgraduate/subjects/business-and-finance-courses/international-business-msc
2704,International Commercial Law LLM,国际商事 法学,Master,1,https://www.birmingham.ac.uk/study/postgraduate/subjects/law-courses/international-commercial-law-llm
2704,International Commercial Law LLM (Dubai),国际商事 法学（迪拜校区）,Master,1,https://www.birmingham.ac.uk/dubai/study/postgraduate/subjects/law-courses/international-commercial-law-llm
2704,International Criminal Law and Justice LLM,国际 Criminal 法学 与 Justice（原名：International Criminal Law and Justice）,Master,1,https://www.birmingham.ac.uk/study/postgraduate/subjects/law-courses/international-criminal-law-and-justice-llm
2704,International Dispute Resolution LLM (Dubai),国际 Dispute Resolution（迪拜校区）（原名：International Dispute Resolution）,Master,1,https://www.birmingham.ac.uk/dubai/study/postgraduate/subjects/law-courses/international-dispute-resolution-llm
2704,International Disputes Law LLM,国际 争端解决 法学,Master,1,https://www.birmingham.ac.uk/study/postgraduate/subjects/law-courses/international-disputes-law-llm
2704,International Human Rights LLM,国际 人权,Master,1,https://www.birmingham.ac.uk/study/postgraduate/subjects/law-courses/international-human-rights-llm
2704,International Law and Security LLM,国际 法学 与 Security（原名：International Law and Security）,Master,1,https://www.birmingham.ac.uk/study/postgraduate/subjects/law-courses/international-law-and-security-llm
2704,"International Law, Ethics and Politics MA","国际 法学, 伦理学 与 政治学",Master,1,https://www.birmingham.ac.uk/study/postgraduate/subjects/philosophy-courses/international-law-ethics-and-politics-ma
2704,International Population Health Management MSc,国际 Population Health 管理学（原名：International Population Health Management）,Master,1,https://www.birmingham.ac.uk/postgraduate/courses/taught/mdslisting
2704,Investments MSc,Investments（原名：Investments）,Master,1,https://www.birmingham.ac.uk/study/postgraduate/subjects/accounting-and-finance-courses/investments-msc
2704,Joint Masters Data Science and AI MSc,Joint Masters 数据科学 与 AI（原名：Joint Masters Data Science and AI）,Master,1,https://www.birmingham.ac.uk/study/postgraduate/subjects/computer-science-and-data-science-courses/joint-masters-data-science-ai
2704,Law and Social Justice LLM,法学 与 Social Justice（原名：Law and Social Justice）,Master,1,https://www.birmingham.ac.uk/study/postgraduate/subjects/law-courses/law-and-social-justice-llm
2704,"Law, Data and Technology LLM","法学, 数据 与 科技",Master,1,https://www.birmingham.ac.uk/study/postgraduate/subjects/law-courses/law-data-and-technology-llm
2704,"MA Inclusion (Social, Emotional and Behavioural Difficulties) (Online) MA / PGCert","融合教育 (Social, Emotional 与 Behavioural Difficulties) /（线上）（原名：Inclusion (Social, Emotional and Behavioural Difficulties) /）",Master,1,https://www.birmingham.ac.uk/study/postgraduate/subjects/teacher-education-courses/inclusion-social-emotional-and-behavioural-difficulties-ma
2704,MA Inclusion (Special Educational Needs) (Online) MA / PGCert,融合教育 (Special 教育学al Needs) /（线上）（原名：Inclusion (Special Educational Needs) /）,Master,1,https://www.birmingham.ac.uk/study/postgraduate/subjects/teacher-education-courses/inclusion-special-educational-needs-ma
2704,MA Inclusion: Autism in Adults (Online) MA / PGCert,融合教育: 自闭症 in Adults /（线上）,Master,1,https://www.birmingham.ac.uk/study/postgraduate/subjects/teacher-education-courses/inclusion-autism-adults-ma
2704,MA Inclusion: Autism in Children (Online) MA / PGCert,融合教育: 自闭症 in Children /（线上）（原名：Inclusion: Autism in Children /）,Master,1,https://www.birmingham.ac.uk/study/postgraduate/subjects/teacher-education-courses/inclusion-autism-children-ma
2704,MBA (Dubai),MBA（迪拜校区）,Master,1,https://www.birmingham.ac.uk/dubai/study/postgraduate/subjects/business-and-finance-courses/master-of-business-administration-dubai
2704,MBA (Online),MBA（线上）（原名：MBA）,Master,1,https://www.birmingham.ac.uk/study/postgraduate/subjects/business-and-management-courses/mba-online
2704,MBA Clinical Leadership (Online),MBA 临床 Leadership（线上）（原名：MBA Clinical Leadership）,Master,1,https://www.birmingham.ac.uk/study/postgraduate/subjects/business-and-management-courses/clinical-leadership-online
2704,MBA Engineering Leadership (Online),MBA Engineering Leadership（线上）（原名：MBA Engineering Leadership）,Master,1,https://www.birmingham.ac.uk/study/postgraduate/subjects/business-and-management-courses/engineering-leadership-online
2704,MBA Executive UK,MBA Executive UK（原名：MBA Executive UK）,Master,1,https://www.birmingham.ac.uk/study/postgraduate/subjects/business-and-management-courses/mba-executive
2704,MSc AI and Sustainable Development,AI 与 可持续发展,Master,1,https://www.birmingham.ac.uk/about/college-of-social-sciences/international-development-department/postgraduate-courses-in-international-development-department
2704,"MSc Conflict, Security and Development","Conflict, Security 与 Development（原名：Conflict, Security and Development）",Master,1,https://www.birmingham.ac.uk/about/college-of-social-sciences/international-development-department/postgraduate-courses-in-international-development-department
2704,MSc Development Policy and Politics,Development Policy 与 政治学（原名：Development Policy and Politics）,Master,1,https://www.birmingham.ac.uk/about/college-of-social-sciences/international-development-department/postgraduate-courses-in-international-development-department
2704,"MSc Environment, Development and Politics","环境, Development 与 政治学（原名：Environment, Development and Politics）",Master,1,https://www.birmingham.ac.uk/about/college-of-social-sciences/international-development-department/postgraduate-courses-in-international-development-department
2704,MSc International Development,国际发展,Master,1,https://www.birmingham.ac.uk/about/college-of-social-sciences/international-development-department/postgraduate-courses-in-international-development-department
2704,"MSc Poverty, Inequality and Development","Poverty, Inequality 与 Development（原名：Poverty, Inequality and Development）",Master,1,https://www.birmingham.ac.uk/about/college-of-social-sciences/international-development-department/postgraduate-courses-in-international-development-department
2704,Management MSc,管理学,Master,1,https://www.birmingham.ac.uk/study/postgraduate/subjects/business-and-management-courses/management-msc
2704,Management Mathematics MRes,管理学 数学,Master,1,https://www.birmingham.ac.uk/about/college-of-engineering-and-physical-sciences/mathematics/postgraduate-taught
2704,Marketing MSc,市场营销,Master,1,https://www.birmingham.ac.uk/study/postgraduate/subjects/marketing-courses/marketing-msc
2704,"Master of Business Administration (Full-time, UK)","Master of 商科 Administration (Full-time, UK)（原名：Master of Business Administration (Full-time, UK)）",Master,1,https://www.birmingham.ac.uk/study/postgraduate/subjects/business-and-management-courses/mba
2704,Masters in Public Administration (Finance),Masters in Public Administration (金融)（原名：Masters in Public Administration (Finance)）,Master,1,https://www.birmingham.ac.uk/about/college-of-social-sciences/international-development-department/postgraduate-courses-in-international-development-department
2704,Masters in Public Administration (Human Resources),Masters in Public Administration (Human Resources)（原名：Masters in Public Administration (Human Resources)）,Master,1,https://www.birmingham.ac.uk/about/college-of-social-sciences/international-development-department/postgraduate-courses-in-international-development-department
2704,Masters in Public Administration (MPA),Masters in Public Administration (MPA)（原名：Masters in Public Administration (MPA)）,Master,1,https://www.birmingham.ac.uk/about/college-of-social-sciences/international-development-department/postgraduate-courses-in-international-development-department
2704,Materials Science and Engineering MSc,材料 Science 与 Engineering（原名：Materials Science and Engineering）,Master,1,https://www.birmingham.ac.uk/study/postgraduate/subjects/materials-science-and-engineering-courses
2704,Materials in Fusion Energy MRes,材料 in Fusion Energy（原名：Materials in Fusion Energy）,Master,1,https://www.birmingham.ac.uk/study/postgraduate/subjects/materials-science-and-engineering-courses
2704,Mathematical Finance MSc,Mathematical 金融（原名：Mathematical Finance）,Master,1,https://www.birmingham.ac.uk/about/college-of-engineering-and-physical-sciences/mathematics/postgraduate-taught
2704,"Mathematics, Operational Research, Statistics and Econometrics (MORSE) MSc","数学, Operational Research, 统计学 与 Econometrics (MORSE)（原名：Mathematics, Operational Research, Statistics and Econometrics (MORSE)）",Master,1,https://www.birmingham.ac.uk/about/college-of-engineering-and-physical-sciences/mathematics/postgraduate-taught
2704,Mental Health (Youth/Interdisciplinary) MSc,心理健康 (Youth / Interdisciplinary)（原名：Mental Health (Youth/Interdisciplinary)）,Master,1,https://www.birmingham.ac.uk/study/postgraduate/subjects/psychology-courses/mental-health-youth-msc
2704,Mental Health MSc (Online),心理健康（线上）,Master,1,https://www.birmingham.ac.uk/study/postgraduate/subjects/psychology-courses/mental-health-msc-online
2704,Metallurgy and Materials PhD / MSc (Res),Metallurgy 与 材料 PhD / (Res)（原名：Metallurgy and Materials PhD / (Res)）,Master,1,https://www.birmingham.ac.uk/study/postgraduate/subjects/materials-science-and-engineering-courses/metallurgy-materials-phd
2704,Microbiology and Infection (Dubai) MSc,Microbiology 与 Infection（迪拜校区）（原名：Microbiology and Infection）,Master,1,https://www.birmingham.ac.uk/dubai/study/postgraduate/subjects/health-sciences-courses/microbiology-and-infection-msc
2704,Microbiology and Infection MSc,Microbiology 与 Infection（原名：Microbiology and Infection）,Master,1,https://www.birmingham.ac.uk/study/postgraduate/subjects/biosciences-courses/microbiology-and-infection-msc
2704,Midwifery MSc,助产学,Master,1,https://www.birmingham.ac.uk/postgraduate/courses/taught/mdslisting
2704,Molecular Biotechnology MSc,Molecular Bio科技（原名：Molecular Biotechnology）,Master,1,https://www.birmingham.ac.uk/study/postgraduate/subjects/biosciences-courses/molecular-biotechnology-msc
2704,Molecular Mechanistic Toxicology MRes,Molecular Mechanistic Toxicology（原名：Molecular Mechanistic Toxicology）,Master,1,https://www.birmingham.ac.uk/study/postgraduate/subjects/biosciences-courses/molecular-mechanistic-toxicology-mres
2704,Molecular and Cellular Biology MRes,Molecular 与 Cellular Biology（原名：Molecular and Cellular Biology）,Master,1,https://www.birmingham.ac.uk/study/postgraduate/subjects/biosciences-courses/molecular-and-cellular-biology-mres
2704,"Money, Banking and Finance MSc","Money, Banking 与 金融（原名：Money, Banking and Finance）",Master,1,https://www.birmingham.ac.uk/study/postgraduate/subjects/accounting-and-finance-courses/money-banking-and-finance-msc
2704,Natural Computation MRes,Natural Computation（原名：Natural Computation）,Master,1,https://www.birmingham.ac.uk/study/postgraduate/subjects/computer-science-and-data-science-courses/natural-computation-mres
2704,Nuclear Decommissioning and Waste Management MSc / PGDip,Nuclear Decommissioning 与 Waste 管理学 /（原名：Nuclear Decommissioning and Waste Management /）,Master,1,https://www.birmingham.ac.uk/about/college-of-engineering-and-physical-sciences/physics-and-astronomy/postgraduate-taught-courses
2704,Nursing MSc,护理学,Master,1,https://www.birmingham.ac.uk/postgraduate/courses/taught/mdslisting
2704,"Philosophy, Mental Health and Psychology MSc","哲学, 心理健康 与 心理学",Master,1,https://www.birmingham.ac.uk/study/postgraduate/subjects/philosophy-courses/philosophy-mental-health-and-psychology-msc
2704,Physician Associate Studies MSc,Physician Associate Studies（原名：Physician Associate Studies）,Master,1,https://www.birmingham.ac.uk/postgraduate/courses/taught/mdslisting
2704,Physician Associate Studies MSc (top-up),Physician Associate Studies (top-up)（原名：Physician Associate Studies (top-up)）,Master,1,https://www.birmingham.ac.uk/postgraduate/courses/taught/mdslisting
2704,Physics and Technology of Nuclear Reactors MSc,Physics 与 科技 of Nuclear Reactors（原名：Physics and Technology of Nuclear Reactors）,Master,1,https://www.birmingham.ac.uk/about/college-of-engineering-and-physical-sciences/physics-and-astronomy/postgraduate-taught-courses
2704,Public Health MPH/PGDip/PGCert,公共卫生 / /,Master,1,https://www.birmingham.ac.uk/postgraduate/courses/taught/mdslisting
2704,Public Health MPH/PGDip/PGCert (Dubai Campus),公共卫生 / / (Dubai Campus)（原名：Public Health // (Dubai Campus)）,Master,1,https://www.birmingham.ac.uk/postgraduate/courses/taught/mdslisting
2704,Public and Environmental Health Sciences MSc,Public 与 Environ心理健康 Sciences（原名：Public and Environmental Health Sciences）,Master,1,https://www.birmingham.ac.uk/about/college-of-life-and-environmental-sciences/school-of-geography-earth-and-environmental-sciences/postgraduate-courses
2704,Pure Mathematics MRes,Pure 数学（原名：Pure Mathematics）,Master,1,https://www.birmingham.ac.uk/about/college-of-engineering-and-physical-sciences/mathematics/postgraduate-taught
2704,Railway Safety and Control Systems MSc / PGDip / PGCert,Railway Safety 与 Control Systems / /（原名：Railway Safety and Control Systems / /）,Master,1,https://www.birmingham.ac.uk/about/college-of-engineering-and-physical-sciences/engineering/postgraduate-taught
2704,Railway Systems Engineering and Integration MSc,Railway Systems Engineering 与 Integration（原名：Railway Systems Engineering and Integration）,Master,1,https://www.birmingham.ac.uk/about/college-of-engineering-and-physical-sciences/engineering/postgraduate-taught
2704,Railway Systems Engineering and Integration MSc (Dubai),Railway Systems Engineering 与 Integration（迪拜校区）（原名：Railway Systems Engineering and Integration）,Master,1,https://www.birmingham.ac.uk/about/college-of-engineering-and-physical-sciences/engineering/postgraduate-taught
2704,Railway Systems Integration MRes,Railway Systems Integration（原名：Railway Systems Integration）,Master,1,https://www.birmingham.ac.uk/about/college-of-engineering-and-physical-sciences/engineering/postgraduate-taught
2704,Renewable Energy Engineering MSc (Dubai),Renewable 能源工程（迪拜校区）（原名：Renewable Energy Engineering）,Master,1,https://www.birmingham.ac.uk/about/college-of-engineering-and-physical-sciences/engineering/postgraduate-taught
2704,Research in Human Geography MRes,Research in Human 地理学（原名：Research in Human Geography）,Master,1,https://www.birmingham.ac.uk/postgraduate/courses/combined/gees/research-human-geography
2704,Research in Human Geography MSc,Research in Human 地理学（原名：Research in Human Geography）,Master,1,https://www.birmingham.ac.uk/about/college-of-life-and-environmental-sciences/school-of-geography-earth-and-environmental-sciences/postgraduate-courses
2704,Respiratory Medicine MSc/PGDip/PGCert,Respiratory 医学 / /（原名：Respiratory Medicine //）,Master,1,https://www.birmingham.ac.uk/postgraduate/courses/taught/mdslisting
2704,Restorative Dentistry MSc,Restorative Dentistry（原名：Restorative Dentistry）,Master,1,https://www.birmingham.ac.uk/postgraduate/courses/taught/mdslisting
2704,River Environments and their Management MSc,River 环境s 与 their 管理学（原名：River Environments and their Management）,Master,1,https://www.birmingham.ac.uk/about/college-of-life-and-environmental-sciences/school-of-geography-earth-and-environmental-sciences/postgraduate-courses
2704,Robotics MSc,Robotics（原名：Robotics）,Master,1,https://www.birmingham.ac.uk/about/college-of-engineering-and-physical-sciences/engineering/postgraduate-taught
2704,Science and Engineering of Materials MRes,Science 与 Engineering of 材料（原名：Science and Engineering of Materials）,Master,1,https://www.birmingham.ac.uk/study/postgraduate/subjects/materials-science-and-engineering-courses
2704,Shakespeare (Online) MA,莎士比亚研究（线上）,Master,1,https://www.birmingham.ac.uk/study/postgraduate/subjects/english-literature-courses/shakespeare-online-ma
2704,Social Policy MA,社会政策,Master,1,https://www.birmingham.ac.uk/study/postgraduate/subjects/social-policy-courses/social-policy-ma
2704,Sociology MA,社会学,Master,1,https://www.birmingham.ac.uk/study/postgraduate/subjects/sociology-courses/sociology-ma
2704,Space Engineering MSc,航天工程,Master,1,https://www.birmingham.ac.uk/study/postgraduate/subjects/materials-science-and-engineering-courses
2704,Spinal Pain MRes,脊柱疼痛,Master,1,https://www.birmingham.ac.uk/study/postgraduate/subjects/physiotherapy-and-rehabilitation-courses/spinal-pain-mres
2704,"Sport Business, Management and Leadership MSc",体育商业管理与领导力,Master,1,https://www.birmingham.ac.uk/study/postgraduate/subjects/sport-and-exercise-sciences-courses/sport-business-management-and-leadership-msc
2704,Sport Data Science and AI MSc,体育 数据科学 与 AI,Master,1,https://www.birmingham.ac.uk/study/postgraduate/subjects/sport-and-exercise-sciences-courses/sport-data-science-and-ai-msc
2704,Sport and Exercise Medicine MSc / PGDip (Dubai),体育 与 运动 医学 /（迪拜校区）,Master,1,https://www.birmingham.ac.uk/dubai/study/postgraduate/subjects/physiotherapy-courses/sport-and-exercise-medicine-msc
2704,"Sport, Exercise and Rehabilitation Sciences MSc (Res)","体育, 运动 与 康复科学 Sciences (Res)（原名：Sport, Exercise and Rehabilitation Sciences (Res)）",Master,1,https://www.birmingham.ac.uk/study/postgraduate/subjects/sport-and-exercise-sciences-courses/sport-exercise-and-rehabilitation-sciences-msc-research
2704,"Sport, Exercise and Rehabilitation Sciences PhD / MSc (Res)","体育, 运动 与 康复科学 Sciences PhD / (Res)（原名：Sport, Exercise and Rehabilitation Sciences PhD / (Res)）",Master,1,https://www.birmingham.ac.uk/study/postgraduate/subjects/sport-and-exercise-sciences-courses/sport-exercise-and-rehabilitation-sciences-phd
2704,Statistical Data Science MSc,统计数据科学,Master,1,https://www.birmingham.ac.uk/about/college-of-engineering-and-physical-sciences/mathematics/postgraduate-taught
2704,Statistics MRes,统计学,Master,1,https://www.birmingham.ac.uk/about/college-of-engineering-and-physical-sciences/mathematics/postgraduate-taught
2704,Statistics MSc,统计学,Master,1,https://www.birmingham.ac.uk/about/college-of-engineering-and-physical-sciences/mathematics/postgraduate-taught
2704,Strategic Marketing and Consulting MSc,Strategic 市场营销 与 Consulting（原名：Strategic Marketing and Consulting）,Master,1,https://www.birmingham.ac.uk/study/postgraduate/subjects/business-and-management-courses/strategic-marketing-and-consulting-msc
2704,Sustainable Chemistry MSc,可持续 Chemistry（原名：Sustainable Chemistry）,Master,1,https://www.birmingham.ac.uk/study/postgraduate/subjects/chemistry-courses/sustainable-chemistry-msc
2704,Sustainable Finance MSc,可持续 金融,Master,1,https://www.birmingham.ac.uk/study/postgraduate/subjects/accounting-and-finance-courses/sustainable-finance-msc
2704,Sustainable Innovation and Entrepreneurship MSc,可持续 Innovation 与 Entrepreneurship（原名：Sustainable Innovation and Entrepreneurship）,Master,1,https://www.birmingham.ac.uk/study/postgraduate/subjects/business-courses/sustainable-innovation-entrepreneurship-msc
2704,Sustainable Materials MSc,可持续 材料,Master,1,https://www.birmingham.ac.uk/study/postgraduate/subjects/materials-science-and-engineering-courses
2704,Sustainable Transport Planning MSc,可持续 Tran体育 城市与区域规划,Master,1,https://www.birmingham.ac.uk/about/college-of-life-and-environmental-sciences/school-of-geography-earth-and-environmental-sciences/postgraduate-courses
2704,Sustainable Urban Design MSc (Dubai),可持续 Urban Design（迪拜校区）（原名：Sustainable Urban Design）,Master,1,https://www.birmingham.ac.uk/about/college-of-life-and-environmental-sciences/school-of-geography-earth-and-environmental-sciences/postgraduate-courses
2704,Sustainable Urban Planning and Design MSc,可持续 Urban 城市与区域规划 与 Design（原名：Sustainable Urban Planning and Design）,Master,1,https://www.birmingham.ac.uk/about/college-of-life-and-environmental-sciences/school-of-geography-earth-and-environmental-sciences/postgraduate-courses
2704,Teaching Studies (Online) MA,教学研究（线上）,Master,1,https://www.birmingham.ac.uk/study/postgraduate/subjects/teacher-education-courses/teaching-studies-ma
2704,Teaching Studies (Online) PGDip,教学研究（线上）,Master,1,https://www.birmingham.ac.uk/study/postgraduate/subjects/teacher-education-courses/teaching-studies-pgdip
2704,Toxicology MSc,Toxicology（原名：Toxicology）,Master,1,https://www.birmingham.ac.uk/study/postgraduate/subjects/biosciences-courses/toxicology-msc
2704,Translation Studies MA,翻译学,Master,1,https://www.birmingham.ac.uk/study/postgraduate/subjects/languages-cultures-and-translation-courses/translation-studies-ma
2704,Translation Studies MA (Online),翻译学（线上）,Master,1,https://www.birmingham.ac.uk/study/postgraduate/subjects/languages-cultures-and-translation-courses/translation-studies-distance-learning-ma
2704,Urban Analytics and AI for Planners MSc (Dubai),Urban Analytics 与 AI for Planners（迪拜校区）（原名：Urban Analytics and AI for Planners）,Master,1,https://www.birmingham.ac.uk/about/college-of-life-and-environmental-sciences/school-of-geography-earth-and-environmental-sciences/postgraduate-courses
2704,Urban Planning and Regional Development (Dubai),Urban 城市与区域规划 与 Regional Development（迪拜校区）（原名：Urban Planning and Regional Development）,Master,1,https://www.birmingham.ac.uk/about/college-of-life-and-environmental-sciences/school-of-geography-earth-and-environmental-sciences/postgraduate-courses
2704,Urban and Regional Planning MSc / PGDip,Urban 与 Regional 城市与区域规划 /（原名：Urban and Regional Planning /）,Master,1,https://www.birmingham.ac.uk/about/college-of-life-and-environmental-sciences/school-of-geography-earth-and-environmental-sciences/postgraduate-courses
