university_id,major_name_en,major_name_cn,degree_level,is_active,notes
2710,Accountancy & Finance BAcc,会计与金融（BAcc）,bachelor,1,https://www.gla.ac.uk/undergraduate/degrees/
2710,Accounting & Mathematics BSc,会计与数学（BSc）,bachelor,1,https://www.gla.ac.uk/undergraduate/degrees/
2710,Accounting & Statistics BSc,会计与统计学（BSc）,bachelor,1,https://www.gla.ac.uk/undergraduate/degrees/
2710,Aeronautical Engineering BEng/MEng,航空工程（BEng/MEng）,bachelor,1,https://www.gla.ac.uk/undergraduate/degrees/
2710,Aeronautical Engineering (in partnership with Tianjin University) BEng/MEng,航空工程 （与天津大学合作）（BEng/MEng）,bachelor,1,https://www.gla.ac.uk/undergraduate/degrees/
2710,Aerospace Engineering (joint degree with SIT),航空航天工程 （与SIT联合学位）,bachelor,1,https://www.gla.ac.uk/undergraduate/degrees/
2710,Aerospace Systems BEng/MEng,航空航天系统工程（BEng/MEng）,bachelor,1,https://www.gla.ac.uk/undergraduate/degrees/
2710,Anatomy BSc/MSci,解剖学（BSc/MSci）,bachelor,1,https://www.gla.ac.uk/undergraduate/degrees/
2710,Ancient History MA,Ancient 历史学（MA）,bachelor,1,https://www.gla.ac.uk/undergraduate/degrees/
2710,Archaeology BSc/MA/MA(SocSci),Archaeology（BSc/MA/MA(SocSci)）,bachelor,1,https://www.gla.ac.uk/undergraduate/degrees/
2710,Artificial Intelligence BSc/MSci,人工智能（BSc/MSci）,bachelor,1,https://www.gla.ac.uk/undergraduate/degrees/
2710,Astronomy BSc/MSci,天文学（BSc/MSci）,bachelor,1,https://www.gla.ac.uk/undergraduate/degrees/
2710,Biochemistry BSc/MSci,生物化学（BSc/MSci）,bachelor,1,https://www.gla.ac.uk/undergraduate/degrees/
2710,Biomedical Engineering BEng/MEng,生物医学工程（BEng/MEng）,bachelor,1,https://www.gla.ac.uk/undergraduate/degrees/
2710,Biomedical Engineering (in partnership with KMITL) BEng/MEng,生物医学工程 （与KMITL合作）（BEng/MEng）,bachelor,1,https://www.gla.ac.uk/undergraduate/degrees/
2710,Biomedical Engineering (in partnership with Tianjin University) BEng/MEng,生物医学工程 （与天津大学合作）（BEng/MEng）,bachelor,1,https://www.gla.ac.uk/undergraduate/degrees/
2710,Business & Management BSc/MA/LLB/MA(SocSci),商科与管理学（BSc/MA/LLB/MA(SocSci)）,bachelor,1,https://www.gla.ac.uk/undergraduate/degrees/
2710,Business Economics MA(SocSci),商业经济学（MA(SocSci)）,bachelor,1,https://www.gla.ac.uk/undergraduate/degrees/
2710,Celtic Civilisation MA,凯尔特文明（MA）,bachelor,1,https://www.gla.ac.uk/undergraduate/degrees/
2710,Celtic Studies MA,凯尔特研究（MA）,bachelor,1,https://www.gla.ac.uk/undergraduate/degrees/
2710,Central & East European Studies MA/MA(SocSci),Central与East 欧洲研究（MA/MA(SocSci)）,bachelor,1,https://www.gla.ac.uk/undergraduate/degrees/
2710,Chemical Physics BSc/MSci,化学物理（BSc/MSci）,bachelor,1,https://www.gla.ac.uk/undergraduate/degrees/
2710,Chemistry BSc/MSci,化学（BSc/MSci）,bachelor,1,https://www.gla.ac.uk/undergraduate/degrees/
2710,Chemistry (in partnership with BUCT) BSc/MSci,化学 （与BUCT合作）（BSc/MSci）,bachelor,1,https://www.gla.ac.uk/undergraduate/degrees/
2710,Chemistry with Medicinal Chemistry BSc/MSci,化学（药物化学方向）（BSc/MSci）,bachelor,1,https://www.gla.ac.uk/undergraduate/degrees/
2710,Chemistry with Medicinal Chemistry with Work Placement MSci,化学（药物化学方向，含实习）（MSci）,bachelor,1,https://www.gla.ac.uk/undergraduate/degrees/
2710,Chemistry with Work Placement MSci,化学（含实习）（MSci）,bachelor,1,https://www.gla.ac.uk/undergraduate/degrees/
2710,Childhood Practice BA,儿童教育实践（BA）,bachelor,1,https://www.gla.ac.uk/undergraduate/degrees/
2710,Civil Engineering BEng/MEng,土木工程（BEng/MEng）,bachelor,1,https://www.gla.ac.uk/undergraduate/degrees/
2710,Civil Engineering (dual degree programme with Universitas Indonesia) BEng/Sarjana Teknik,土木工程 （dual degree programme（Universitas Indonesia方向））（BEng/Sarjana Teknik）,bachelor,1,https://www.gla.ac.uk/undergraduate/degrees/
2710,Civil Engineering (joint degree with SIT),土木工程 （与SIT联合学位）,bachelor,1,https://www.gla.ac.uk/undergraduate/degrees/
2710,Civil Engineering with Architecture BEng/MEng,土木工程（Architecture方向）（BEng/MEng）,bachelor,1,https://www.gla.ac.uk/undergraduate/degrees/
2710,Classics (Classical Civilisation) MA/MA(SocSci),古典学 （古典文明）（MA/MA(SocSci)）,bachelor,1,https://www.gla.ac.uk/undergraduate/degrees/
2710,Common Law LLB,普通法（LLB）,bachelor,1,https://www.gla.ac.uk/undergraduate/degrees/
2710,Common Law (graduate entry) LLB,普通法 （graduate entry）（LLB）,bachelor,1,https://www.gla.ac.uk/undergraduate/degrees/
2710,Community Development BA,社区发展（BA）,bachelor,1,https://www.gla.ac.uk/undergraduate/degrees/
2710,Comparative Literature MA,比较文学（MA）,bachelor,1,https://www.gla.ac.uk/undergraduate/degrees/
2710,Computing Science BSc/MA/MSci,计算机科学（BSc/MA/MSci）,bachelor,1,https://www.gla.ac.uk/undergraduate/degrees/
2710,Computing Science (faster route) BSc/MSci,计算机科学 （加速 通道）（BSc/MSci）,bachelor,1,https://www.gla.ac.uk/undergraduate/degrees/
2710,Computing Science (in partnership with BUiD) BSc/MSci,计算机科学 （与BUiD合作）（BSc/MSci）,bachelor,1,https://www.gla.ac.uk/undergraduate/degrees/
2710,Computing Science (in partnership with UPES) BSc/MSci,计算机科学 （与UPES合作）（BSc/MSci）,bachelor,1,https://www.gla.ac.uk/undergraduate/degrees/
2710,Computing Science (joint degree with SIT),计算机科学 （与SIT联合学位）,bachelor,1,https://www.gla.ac.uk/undergraduate/degrees/
2710,Creative Arts & Industries MA,Creative Arts与Industries（MA）,bachelor,1,https://www.gla.ac.uk/undergraduate/degrees/
2710,Dentistry BDS,牙科学（BDS）,bachelor,1,https://www.gla.ac.uk/undergraduate/degrees/
2710,Design & Technology Education MDTechEd,设计与技术 教育学（MDTechEd）,bachelor,1,https://www.gla.ac.uk/undergraduate/degrees/
2710,Digital Media & Information Studies MA,数字 媒体与信息 研究（MA）,bachelor,1,https://www.gla.ac.uk/undergraduate/degrees/
2710,Economic & Social History MA/LLB/MA(SocSci),经济与社会 历史学（MA/LLB/MA(SocSci)）,bachelor,1,https://www.gla.ac.uk/undergraduate/degrees/
2710,Economics BAcc/BSc/MA/MA(SocSci),经济学（BAcc/BSc/MA/MA(SocSci)）,bachelor,1,https://www.gla.ac.uk/undergraduate/degrees/
2710,Education with Primary Teaching Qualification MEduc,教育学（小学教师资格方向）（MEduc）,bachelor,1,https://www.gla.ac.uk/undergraduate/degrees/
2710,Electronic & Software Engineering BSc/BEng/MEng,Electronic与软件工程（BSc/BEng/MEng）,bachelor,1,https://www.gla.ac.uk/undergraduate/degrees/
2710,Electronics & Electrical Engineering BEng/MEng,电子工程与电气工程（BEng/MEng）,bachelor,1,https://www.gla.ac.uk/undergraduate/degrees/
2710,Electronics & Electrical Engineering (dual degree programme with Universitas Indonesia) BEng/Sarjana Teknik,电子工程与电气工程 （dual degree programme（Universitas Indonesia方向））（BEng/Sarjana Teknik）,bachelor,1,https://www.gla.ac.uk/undergraduate/degrees/
2710,Electronics & Electrical Engineering (in partnership with Tianjin University) BEng/MEng,电子工程与电气工程 （与天津大学合作）（BEng/MEng）,bachelor,1,https://www.gla.ac.uk/undergraduate/degrees/
2710,Electronics & Electrical Engineering with Communications (dual degree with UESTC),电子工程 & 电气工程（通信 （与UESTC双学位）方向）,bachelor,1,https://www.gla.ac.uk/undergraduate/degrees/
2710,Electronics & Electrical Engineering with Information Engineering (dual degree with UESTC),电子工程 & 电气工程（信息 Engineering （与UESTC双学位）方向）,bachelor,1,https://www.gla.ac.uk/undergraduate/degrees/
2710,Electronics & Electrical Engineering with Microelectronics (dual degree with UESTC),电子工程 & 电气工程（Microelectronics （与UESTC双学位）方向）,bachelor,1,https://www.gla.ac.uk/undergraduate/degrees/
2710,Electronics with Music BEng/MEng,电子工程（Music方向）（BEng/MEng）,bachelor,1,https://www.gla.ac.uk/undergraduate/degrees/
2710,English Language & Linguistics MA,英语语言与语言学（MA）,bachelor,1,https://www.gla.ac.uk/undergraduate/degrees/
2710,English Literature MA,英语文学（MA）,bachelor,1,https://www.gla.ac.uk/undergraduate/degrees/
2710,Environmental Geoscience BSc,环境地球科学（BSc）,bachelor,1,https://www.gla.ac.uk/undergraduate/degrees/
2710,Environmental Science & Sustainability (Dumfries campus) BSc,环境科学与可持续发展 （Dumfries campus）（BSc）,bachelor,1,https://www.gla.ac.uk/undergraduate/degrees/
2710,Film & Television Studies MA,电影与电视 研究（MA）,bachelor,1,https://www.gla.ac.uk/undergraduate/degrees/
2710,Finance BFin,金融（BFin）,bachelor,1,https://www.gla.ac.uk/undergraduate/degrees/
2710,Finance & Mathematics BSc,金融与数学（BSc）,bachelor,1,https://www.gla.ac.uk/undergraduate/degrees/
2710,Finance & Statistics BSc,金融与统计学（BSc）,bachelor,1,https://www.gla.ac.uk/undergraduate/degrees/
2710,French MA,法语（MA）,bachelor,1,https://www.gla.ac.uk/undergraduate/degrees/
2710,Gaelic MA,苏格兰盖尔语（MA）,bachelor,1,https://www.gla.ac.uk/undergraduate/degrees/
2710,Genetics BSc/MSci,遗传学（BSc/MSci）,bachelor,1,https://www.gla.ac.uk/undergraduate/degrees/
2710,Geography BSc/MA/MA(SocSci),地理学（BSc/MA/MA(SocSci)）,bachelor,1,https://www.gla.ac.uk/undergraduate/degrees/
2710,Geology BSc,地质学（BSc）,bachelor,1,https://www.gla.ac.uk/undergraduate/degrees/
2710,German MA,德语（MA）,bachelor,1,https://www.gla.ac.uk/undergraduate/degrees/
2710,Global Sustainable Development (Dumfries campus) MA,全球可持续发展 （Dumfries campus）（MA）,bachelor,1,https://www.gla.ac.uk/undergraduate/degrees/
2710,Greek MA,希腊语（MA）,bachelor,1,https://www.gla.ac.uk/undergraduate/degrees/
2710,History MA/MA(SocSci),历史学（MA/MA(SocSci)）,bachelor,1,https://www.gla.ac.uk/undergraduate/degrees/
2710,History of Art MA,艺术史（MA）,bachelor,1,https://www.gla.ac.uk/undergraduate/degrees/
2710,Human Biology & Physiology BSc/MSci,人体生物学与生理学（BSc/MSci）,bachelor,1,https://www.gla.ac.uk/undergraduate/degrees/
2710,Immunology BSc/MSci,免疫学（BSc/MSci）,bachelor,1,https://www.gla.ac.uk/undergraduate/degrees/
2710,International Relations MA(SocSci),国际关系（MA(SocSci)）,bachelor,1,https://www.gla.ac.uk/undergraduate/degrees/
2710,Italian MA,意大利语（MA）,bachelor,1,https://www.gla.ac.uk/undergraduate/degrees/
2710,Latin MA,拉丁语（MA）,bachelor,1,https://www.gla.ac.uk/undergraduate/degrees/
2710,Law,法学,bachelor,1,https://www.gla.ac.uk/undergraduate/degrees/
2710,Liberal Arts MA,博雅教育（MA）,bachelor,1,https://www.gla.ac.uk/undergraduate/degrees/
2710,"Machine Learning, Mathematics & Statistics BSc/MSci",机器学习，数学与统计学（BSc/MSci）,bachelor,1,https://www.gla.ac.uk/undergraduate/degrees/
2710,Marine & Freshwater Biology BSc/MSci,海洋与淡水 生物学（BSc/MSci）,bachelor,1,https://www.gla.ac.uk/undergraduate/degrees/
2710,Material Chemistry with Work Placement MSci,材料化学（含实习）（MSci）,bachelor,1,https://www.gla.ac.uk/undergraduate/degrees/
2710,Materials Chemistry BSc/MSci,材料化学（BSc/MSci）,bachelor,1,https://www.gla.ac.uk/undergraduate/degrees/
2710,Mathematics BSc/MA/MA(SocSci)/MSci,数学（BSc/MA/MA(SocSci)/MSci）,bachelor,1,https://www.gla.ac.uk/undergraduate/degrees/
2710,Mathematics & Statistics (in partnership with ZUEL) BSc,数学与统计学 （与ZUEL合作）（BSc）,bachelor,1,https://www.gla.ac.uk/undergraduate/degrees/
2710,Mathematics (faster route) BSc/MSci,数学 （加速 通道）（BSc/MSci）,bachelor,1,https://www.gla.ac.uk/undergraduate/degrees/
2710,Mathematics/Statistics (faster route) BSc/MSci,数学/统计学 （加速 通道）（BSc/MSci）,bachelor,1,https://www.gla.ac.uk/undergraduate/degrees/
2710,Mechanical Design Engineering BEng/MEng,机械设计工程（BEng/MEng）,bachelor,1,https://www.gla.ac.uk/undergraduate/degrees/
2710,Mechanical Engineering BEng/MEng,机械工程（BEng/MEng）,bachelor,1,https://www.gla.ac.uk/undergraduate/degrees/
2710,Mechanical Engineering (joint degree with SIT),机械工程 （与SIT联合学位）,bachelor,1,https://www.gla.ac.uk/undergraduate/degrees/
2710,Mechanical Engineering with Aeronautics BEng/MEng,机械工程（Aeronautics方向）（BEng/MEng）,bachelor,1,https://www.gla.ac.uk/undergraduate/degrees/
2710,Mechatronics BEng/MEng,Mechatronics（BEng/MEng）,bachelor,1,https://www.gla.ac.uk/undergraduate/degrees/
2710,"Medical Studies, Gateway to CertHE",Medical 研究，入门 to（CertHE）,bachelor,1,https://www.gla.ac.uk/undergraduate/degrees/
2710,Medicine MBChB,医学（MBChB）,bachelor,1,https://www.gla.ac.uk/undergraduate/degrees/
2710,Microbiology BSc/MSci,微生物学（BSc/MSci）,bachelor,1,https://www.gla.ac.uk/undergraduate/degrees/
2710,Molecular & Cellular Biology BSc/MSci,Molecular与细胞 生物学（BSc/MSci）,bachelor,1,https://www.gla.ac.uk/undergraduate/degrees/
2710,Molecular & Cellular Biology (with Biotechnology) BSc/MSci,Molecular与细胞 生物学 （with 生物技术）（BSc/MSci）,bachelor,1,https://www.gla.ac.uk/undergraduate/degrees/
2710,Molecular & Cellular Biology (with Plant Science) BSc/MSci,Molecular与细胞 生物学 （with 植物 科学）（BSc/MSci）,bachelor,1,https://www.gla.ac.uk/undergraduate/degrees/
2710,Music MA,Music（MA）,bachelor,1,https://www.gla.ac.uk/undergraduate/degrees/
2710,Music BMus,Music（BMus）,bachelor,1,https://www.gla.ac.uk/undergraduate/degrees/
2710,Neuroscience BSc/MSci,神经科学（BSc/MSci）,bachelor,1,https://www.gla.ac.uk/undergraduate/degrees/
2710,Nursing BN,护理学（BN）,bachelor,1,https://www.gla.ac.uk/undergraduate/degrees/
2710,Nursing (jointly offered with SIT),护理学 （jointly offered（SIT方向））,bachelor,1,https://www.gla.ac.uk/undergraduate/degrees/
2710,Pharmacology BSc/MSci,药理学（BSc/MSci）,bachelor,1,https://www.gla.ac.uk/undergraduate/degrees/
2710,Philosophy BSc/MA/MA(SocSci),哲学（BSc/MA/MA(SocSci)）,bachelor,1,https://www.gla.ac.uk/undergraduate/degrees/
2710,Physics / Theoretical Physics BSc/MSci,物理学 / 理论物理学（BSc/MSci）,bachelor,1,https://www.gla.ac.uk/undergraduate/degrees/
2710,Physics / Theoretical Physics (faster route) BSc/MSci,物理学 / 理论物理学 （加速 通道）（BSc/MSci）,bachelor,1,https://www.gla.ac.uk/undergraduate/degrees/
2710,Physics with Astrophysics BSc/MSci,物理学（天体物理学方向）（BSc/MSci）,bachelor,1,https://www.gla.ac.uk/undergraduate/degrees/
2710,Physics with Astrophysics (faster route) BSc/MSci,物理学（天体物理学 （加速 通道）方向）（BSc/MSci）,bachelor,1,https://www.gla.ac.uk/undergraduate/degrees/
2710,Politics MA/LLB/MA(SocSci),Politics（MA/LLB/MA(SocSci)）,bachelor,1,https://www.gla.ac.uk/undergraduate/degrees/
2710,Portuguese MA,葡萄牙语（MA）,bachelor,1,https://www.gla.ac.uk/undergraduate/degrees/
2710,Primary Education with Teaching Qualification (Dumfries campus) MA,小学 教育学（教育学 Qualification （Dumfries campus）方向）（MA）,bachelor,1,https://www.gla.ac.uk/undergraduate/degrees/
2710,Product Design Engineering BEng/MEng,产品设计工程（BEng/MEng）,bachelor,1,https://www.gla.ac.uk/undergraduate/degrees/
2710,Psychology BSc/MA/MA(SocSci),心理学（BSc/MA/MA(SocSci)）,bachelor,1,https://www.gla.ac.uk/undergraduate/degrees/
2710,Quantitative Methods MA(SocSci),定量方法（MA(SocSci)）,bachelor,1,https://www.gla.ac.uk/undergraduate/degrees/
2710,Robotics & Artificial Intelligence BEng/MEng,机器人与人工智能（BEng/MEng）,bachelor,1,https://www.gla.ac.uk/undergraduate/degrees/
2710,Russian MA,俄语（MA）,bachelor,1,https://www.gla.ac.uk/undergraduate/degrees/
2710,Scots Law LLB,苏格兰法（LLB）,bachelor,1,https://www.gla.ac.uk/undergraduate/degrees/
2710,Scots Law (graduate entry) LLB,苏格兰法 （graduate entry）（LLB）,bachelor,1,https://www.gla.ac.uk/undergraduate/degrees/
2710,Scottish History MA/MA(SocSci),苏格兰历史（MA/MA(SocSci)）,bachelor,1,https://www.gla.ac.uk/undergraduate/degrees/
2710,Scottish Literature MA,苏格兰文学（MA）,bachelor,1,https://www.gla.ac.uk/undergraduate/degrees/
2710,Sociology MA/MA(SocSci),社会学（MA/MA(SocSci)）,bachelor,1,https://www.gla.ac.uk/undergraduate/degrees/
2710,Software Engineering BSc/MSci,软件工程（BSc/MSci）,bachelor,1,https://www.gla.ac.uk/undergraduate/degrees/
2710,Software Engineering (faster route) BSc/MSci,软件工程 （加速 通道）（BSc/MSci）,bachelor,1,https://www.gla.ac.uk/undergraduate/degrees/
2710,Software Engineering (Graduate Apprenticeship) BSc,软件工程 （Graduate Apprenticeship）（BSc）,bachelor,1,https://www.gla.ac.uk/undergraduate/degrees/
2710,Software Engineering (in partnership with KMITL) BSc/MSci,软件工程 （与KMITL合作）（BSc/MSci）,bachelor,1,https://www.gla.ac.uk/undergraduate/degrees/
2710,Software Engineering (in partnership with UPES) BSc/MSci,软件工程 （与UPES合作）（BSc/MSci）,bachelor,1,https://www.gla.ac.uk/undergraduate/degrees/
2710,Spanish MA,西班牙语（MA）,bachelor,1,https://www.gla.ac.uk/undergraduate/degrees/
2710,Sport & Exercise Science BSc/MSci,运动与运动 科学（BSc/MSci）,bachelor,1,https://www.gla.ac.uk/undergraduate/degrees/
2710,Statistics BSc/MSci,统计学（BSc/MSci）,bachelor,1,https://www.gla.ac.uk/undergraduate/degrees/
2710,Statistics (Double Degree with the University of Bologna) BSc/LSc,统计学 （Double Degree（the University of Bologna方向））（BSc/LSc）,bachelor,1,https://www.gla.ac.uk/undergraduate/degrees/
2710,Statistics (faster route) BSc/MSci,统计学 （加速 通道）（BSc/MSci）,bachelor,1,https://www.gla.ac.uk/undergraduate/degrees/
2710,Statistics (in partnership with ZUEL) BSc,统计学 （与ZUEL合作）（BSc）,bachelor,1,https://www.gla.ac.uk/undergraduate/degrees/
2710,Teaching,教育学,bachelor,1,https://www.gla.ac.uk/undergraduate/degrees/
2710,Theatre Studies MA,Theatre 研究（MA）,bachelor,1,https://www.gla.ac.uk/undergraduate/degrees/
2710,Theology & Religious Studies BD/MA,神学与宗教研究（BD/MA）,bachelor,1,https://www.gla.ac.uk/undergraduate/degrees/
2710,Veterinary Biosciences BSc/MSci,兽医 生物科学（BSc/MSci）,bachelor,1,https://www.gla.ac.uk/undergraduate/degrees/
2710,Veterinary Medicine & Surgery BVMS,兽医 医学与外科学（BVMS）,bachelor,1,https://www.gla.ac.uk/undergraduate/degrees/
2710,Zoology BSc/MSci,动物学（BSc/MSci）,bachelor,1,https://www.gla.ac.uk/undergraduate/degrees/
2710,Academic Practice MEd: Online distance learning,学术实践（MEd）：在线远程学习,master,1,https://www.gla.ac.uk/postgraduate/taught/
2710,"Adult Learning, Community Development & Youth Work Practice MEd/PgDip",Adult Learning，社区发展与Youth 工作 实践（MEd/PgDip）,master,1,https://www.gla.ac.uk/postgraduate/taught/
2710,Advanced Functional Materials MSc,高级 Functional Materials（MSc）,master,1,https://www.gla.ac.uk/postgraduate/taught/
2710,Advanced Imaging & Sensing MSc,高级 影像与Sensing（MSc）,master,1,https://www.gla.ac.uk/postgraduate/taught/
2710,Advanced Practice in Veterinary Nursing MSc/PgDip/PgCert: Online distance learning,兽医护理高级实践（MSc/PgDip/PgCert）：在线远程学习,master,1,https://www.gla.ac.uk/postgraduate/taught/
2710,Advanced Statistics MSc,高级 统计学（MSc）,master,1,https://www.gla.ac.uk/postgraduate/taught/
2710,Aerospace Engineering MSc,航空航天工程（MSc）,master,1,https://www.gla.ac.uk/postgraduate/taught/
2710,Aerospace Engineering & Management MSc,航空航天工程与管理学（MSc）,master,1,https://www.gla.ac.uk/postgraduate/taught/
2710,AI in Education MSc,AI in 教育学（MSc）,master,1,https://www.gla.ac.uk/postgraduate/taught/
2710,Ancient Cultures MSc,Ancient Cultures（MSc）,master,1,https://www.gla.ac.uk/postgraduate/taught/
2710,Animal Nutrition MSc/PgDip/PgCert/CPD: Online distance learning,动物营养（MSc/PgDip/PgCert/CPD）：在线远程学习,master,1,https://www.gla.ac.uk/postgraduate/taught/
2710,"Animal Welfare Science, Ethics & Law MSc",Animal Welfare 科学，Ethics与法学（MSc）,master,1,https://www.gla.ac.uk/postgraduate/taught/
2710,Applied Conservation Science MSc,应用 保护 科学（MSc）,master,1,https://www.gla.ac.uk/postgraduate/taught/
2710,Applied Linguistics MSc,应用 语言学（MSc）,master,1,https://www.gla.ac.uk/postgraduate/taught/
2710,Applied Neuropsychology MSc(MedSci)/PgDip,应用 神经心理学（MSc(MedSci)/PgDip）,master,1,https://www.gla.ac.uk/postgraduate/taught/
2710,Archaeology MSc,Archaeology（MSc）,master,1,https://www.gla.ac.uk/postgraduate/taught/
2710,"Archives, Records, & Information Management MSc/PgDip","Archives，Records,与信息 管理学（MSc/PgDip）",master,1,https://www.gla.ac.uk/postgraduate/taught/
2710,Art History MLitt,Art 历史学（MLitt）,master,1,https://www.gla.ac.uk/postgraduate/taught/
2710,Art History: Dress & Textile Histories MLitt,Art 历史学：Dress与Textile Histories（MLitt）,master,1,https://www.gla.ac.uk/postgraduate/taught/
2710,"Art History: Technical Art History, Making & Meaning MLitt",Art 历史学：Technical Art 历史学，Making与Meaning（MLitt）,master,1,https://www.gla.ac.uk/postgraduate/taught/
2710,Astrophysics MSc,天体物理学（MSc）,master,1,https://www.gla.ac.uk/postgraduate/taught/
2710,Behavioural Science MSc,Behavioural 科学（MSc）,master,1,https://www.gla.ac.uk/postgraduate/taught/
2710,Bioinformatics MSc/PgDip/PgCert,Bioinformatics（MSc/PgDip/PgCert）,master,1,https://www.gla.ac.uk/postgraduate/taught/
2710,Biomedical Engineering MSc,生物医学工程（MSc）,master,1,https://www.gla.ac.uk/postgraduate/taught/
2710,Biomedical Sciences MSc,Biomedical 科学（MSc）,master,1,https://www.gla.ac.uk/postgraduate/taught/
2710,Biomedical Sciences MRes,Biomedical 科学（MRes）,master,1,https://www.gla.ac.uk/postgraduate/taught/
2710,Biotechnology MSc,生物技术（MSc）,master,1,https://www.gla.ac.uk/postgraduate/taught/
2710,Biotechnology & Management MSc/PgDip,生物技术与管理学（MSc/PgDip）,master,1,https://www.gla.ac.uk/postgraduate/taught/
2710,Book & Paper Conservation MPhil,Book与Paper 保护（MPhil）,master,1,https://www.gla.ac.uk/postgraduate/taught/
2710,Business Analytics MSc,商科 Analytics（MSc）,master,1,https://www.gla.ac.uk/postgraduate/taught/
2710,Cancer Research & Precision Oncology MSc,肿瘤 研究与精准 Oncology（MSc）,master,1,https://www.gla.ac.uk/postgraduate/taught/
2710,Cancer Research (with specialism) MSc,肿瘤 研究 （with specialism）（MSc）,master,1,https://www.gla.ac.uk/postgraduate/taught/
2710,Cardiovascular & Metabolic Disease MSc(MedSci),Cardiovascular与Metabolic Disease（MSc(MedSci)）,master,1,https://www.gla.ac.uk/postgraduate/taught/
2710,"Central & East European, Russian & Eurasian Studies (International Master) IntM",Central与East European，俄语与Eurasian 研究 （国际 Master）（IntM）,master,1,https://www.gla.ac.uk/postgraduate/taught/
2710,Chemistry MSc,化学（MSc）,master,1,https://www.gla.ac.uk/postgraduate/taught/
2710,Chemistry with Medicinal Chemistry MSc,化学（药物化学方向）（MSc）,master,1,https://www.gla.ac.uk/postgraduate/taught/
2710,Children's Literature & Literacies MEd,Children's 文学与Literacies（MEd）,master,1,https://www.gla.ac.uk/postgraduate/taught/
2710,"Children’s Literature, Media & Cultural Entrepreneurship (Erasmus Mundus International Master) IntM",Children’s 文学，媒体与Cultural Entrepreneurship （Erasmus Mundus 国际 Master）（IntM）,master,1,https://www.gla.ac.uk/postgraduate/taught/
2710,City Planning MSc,城市 规划（MSc）,master,1,https://www.gla.ac.uk/postgraduate/taught/
2710,City Planning PgCert,城市 规划（PgCert）,master,1,https://www.gla.ac.uk/postgraduate/taught/
2710,City Planning & Real Estate Development MSc,城市 规划与房地产 Development（MSc）,master,1,https://www.gla.ac.uk/postgraduate/taught/
2710,Civil Engineering MSc,土木工程（MSc）,master,1,https://www.gla.ac.uk/postgraduate/taught/
2710,Civil Engineering & Management MSc,土木工程与管理学（MSc）,master,1,https://www.gla.ac.uk/postgraduate/taught/
2710,Classics & Ancient History MSc,古典学与Ancient 历史学（MSc）,master,1,https://www.gla.ac.uk/postgraduate/taught/
2710,Climate & Environmental Science MSc,Climate与环境科学（MSc）,master,1,https://www.gla.ac.uk/postgraduate/taught/
2710,Climate Law & Justice LLM,Climate 法学与Justice（LLM）,master,1,https://www.gla.ac.uk/postgraduate/taught/
2710,Clinical Neuropsychology MSc(MedSci)/PgDip,临床 神经心理学（MSc(MedSci)/PgDip）,master,1,https://www.gla.ac.uk/postgraduate/taught/
2710,Clinical Neuropsychology Knowledge & Practice MSc(MedSci),临床 神经心理学 Knowledge与实践（MSc(MedSci)）,master,1,https://www.gla.ac.uk/postgraduate/taught/
2710,Clinical Neuropsychology Practice PgCert,临床 神经心理学 实践（PgCert）,master,1,https://www.gla.ac.uk/postgraduate/taught/
2710,Clinical Pharmacology MSc(MedSci),临床 药理学（MSc(MedSci)）,master,1,https://www.gla.ac.uk/postgraduate/taught/
2710,Clinical Psychology DClinPsy,临床 心理学（DClinPsy）,master,1,https://www.gla.ac.uk/postgraduate/taught/
2710,Clinical Trials MSc/PgDip/PgCert,临床 Trials（MSc/PgDip/PgCert）,master,1,https://www.gla.ac.uk/postgraduate/taught/
2710,Comparative Literature MLitt,比较文学（MLitt）,master,1,https://www.gla.ac.uk/postgraduate/taught/
2710,Computational Geoscience MSc,Computational 地球科学（MSc）,master,1,https://www.gla.ac.uk/postgraduate/taught/
2710,Computational Geoscience (Universitas Gadjah Mada dual degree) MSc,Computational 地球科学 （Universitas Gadjah Mada dual degree）（MSc）,master,1,https://www.gla.ac.uk/postgraduate/taught/
2710,Computer Systems Engineering MSc,计算机 系统工程（MSc）,master,1,https://www.gla.ac.uk/postgraduate/taught/
2710,Computer Systems Engineering (Universitas Gadjah Mada dual degree) MSc,计算机 系统工程 （Universitas Gadjah Mada dual degree）（MSc）,master,1,https://www.gla.ac.uk/postgraduate/taught/
2710,Computing Science MSc,计算机科学（MSc）,master,1,https://www.gla.ac.uk/postgraduate/taught/
2710,Conservation Management of African Ecosystems MSc,保护 管理学 of African Ecosystems（MSc）,master,1,https://www.gla.ac.uk/postgraduate/taught/
2710,Corporate & Financial Law LLM,Corporate与金融 法学（LLM）,master,1,https://www.gla.ac.uk/postgraduate/taught/
2710,Corporate Finance & Banking MSc,Corporate 金融与银行学（MSc）,master,1,https://www.gla.ac.uk/postgraduate/taught/
2710,Creative Industries & Cultural Policy MSc,Creative Industries与Cultural 政策（MSc）,master,1,https://www.gla.ac.uk/postgraduate/taught/
2710,Creative Sound Design & Audiovisual Media MSc,Creative Sound 设计与Audiovisual 媒体（MSc）,master,1,https://www.gla.ac.uk/postgraduate/taught/
2710,Creative Writing MLitt,创意写作（MLitt）,master,1,https://www.gla.ac.uk/postgraduate/taught/
2710,Creative Writing (online) MLitt: Online distance learning,创意写作 （在线）（MLitt）：在线远程学习,master,1,https://www.gla.ac.uk/postgraduate/taught/
2710,Criminology & Criminal Justice MSc,Criminology与Criminal Justice（MSc）,master,1,https://www.gla.ac.uk/postgraduate/taught/
2710,Curatorial Practice (Contemporary Art) (in conjunction with The Glasgow School of Art) MLitt,Curatorial 实践 （Contemporary Art） （in conjunction（The Glasgow School of Art方向））（MLitt）,master,1,https://www.gla.ac.uk/postgraduate/taught/
2710,Cybersecurity MSc,Cybersecurity（MSc）,master,1,https://www.gla.ac.uk/postgraduate/taught/
2710,Data Analytics MSc,数据分析（MSc）,master,1,https://www.gla.ac.uk/postgraduate/taught/
2710,Data Analytics MSc/PgDip/PgCert: Online distance learning,数据分析（MSc/PgDip/PgCert）：在线远程学习,master,1,https://www.gla.ac.uk/postgraduate/taught/
2710,Data Analytics for Economics & Finance MSc,数据分析 for 经济学与金融（MSc）,master,1,https://www.gla.ac.uk/postgraduate/taught/
2710,Data Science MSc,数据科学（MSc）,master,1,https://www.gla.ac.uk/postgraduate/taught/
2710,Data Science for Ecology & Epidemiology MSc,数据科学 for Ecology与Epidemiology（MSc）,master,1,https://www.gla.ac.uk/postgraduate/taught/
2710,Digital Humanities MSc,数字 Humanities（MSc）,master,1,https://www.gla.ac.uk/postgraduate/taught/
2710,Digital Society MSc,数字 Society（MSc）,master,1,https://www.gla.ac.uk/postgraduate/taught/
2710,Diploma in Professional Legal Practice PgDip,Diploma in Professional Legal 实践（PgDip）,master,1,https://www.gla.ac.uk/postgraduate/taught/
2710,Early Modern History MSc/PgDip,Early 现代 历史学（MSc/PgDip）,master,1,https://www.gla.ac.uk/postgraduate/taught/
2710,"Earth Futures: Environments, Communities, Relationships MSc",Earth Futures：环境，Communities，Relationships（MSc）,master,1,https://www.gla.ac.uk/postgraduate/taught/
2710,Ecology & Environmental Biology MRes,Ecology与Environmental 生物学（MRes）,master,1,https://www.gla.ac.uk/postgraduate/taught/
2710,Ecology & Environmental Monitoring (Dumfries Campus) MSc,Ecology与Environmental Monitoring （Dumfries Campus）（MSc）,master,1,https://www.gla.ac.uk/postgraduate/taught/
2710,Economic Development MSc,经济 Development（MSc）,master,1,https://www.gla.ac.uk/postgraduate/taught/
2710,Economics MSc,经济学（MSc）,master,1,https://www.gla.ac.uk/postgraduate/taught/
2710,Economics MRes,经济学（MRes）,master,1,https://www.gla.ac.uk/postgraduate/taught/
2710,"Economics, International Banking & Finance MSc",经济学，国际 银行学与金融（MSc）,master,1,https://www.gla.ac.uk/postgraduate/taught/
2710,Education (Primary) PGDE,教育学 （小学）（PGDE）,master,1,https://www.gla.ac.uk/postgraduate/taught/
2710,Education (Primary) (Dumfries campus) PGDE,教育学 （小学） （Dumfries campus）（PGDE）,master,1,https://www.gla.ac.uk/postgraduate/taught/
2710,Education (Secondary STEM Subjects) (Dumfries campus) PGDE,教育学 （Secondary STEM Subjects） （Dumfries campus）（PGDE）,master,1,https://www.gla.ac.uk/postgraduate/taught/
2710,Education (Secondary) PGDE,教育学 （Secondary）（PGDE）,master,1,https://www.gla.ac.uk/postgraduate/taught/
2710,Education in Museums & Heritage (Erasmus Mundus International Master) IntM,教育学 in Museums与文化遗产 （Erasmus Mundus 国际 Master）（IntM）,master,1,https://www.gla.ac.uk/postgraduate/taught/
2710,Education Policies for Global Development (Erasmus Mundus International Master) IntM,教育学 Policies for 全球 Development （Erasmus Mundus 国际 Master）（IntM）,master,1,https://www.gla.ac.uk/postgraduate/taught/
2710,"Education, Public Policy & Equity MSc",教育学，公共 政策与Equity（MSc）,master,1,https://www.gla.ac.uk/postgraduate/taught/
2710,Educational Studies MEd,Educational 研究（MEd）,master,1,https://www.gla.ac.uk/postgraduate/taught/
2710,Educational Studies MSc,Educational 研究（MSc）,master,1,https://www.gla.ac.uk/postgraduate/taught/
2710,Electronics & Electrical Engineering MSc,电子工程与电气工程（MSc）,master,1,https://www.gla.ac.uk/postgraduate/taught/
2710,Electronics & Electrical Engineering & Management MSc,电子工程与电气工程与管理学（MSc）,master,1,https://www.gla.ac.uk/postgraduate/taught/
2710,Electronics & Electrical Engineering & Management (Universitas Gadjah Mada dual degree) MSc,电子工程与电气工程与管理学 （Universitas Gadjah Mada dual degree）（MSc）,master,1,https://www.gla.ac.uk/postgraduate/taught/
2710,Electronics & Photonics Manufacturing MSc,电子工程与Photonics Manufacturing（MSc）,master,1,https://www.gla.ac.uk/postgraduate/taught/
2710,End of Life Studies MSc/PgDip/PgCert: Online distance learning,临终关怀 研究（MSc/PgDip/PgCert）：在线远程学习,master,1,https://www.gla.ac.uk/postgraduate/taught/
2710,Endodontology MSc,Endodontology（MSc）,master,1,https://www.gla.ac.uk/postgraduate/taught/
2710,English Language & Linguistics MSc,英语语言与语言学（MSc）,master,1,https://www.gla.ac.uk/postgraduate/taught/
2710,English Literature MLitt,英语文学（MLitt）,master,1,https://www.gla.ac.uk/postgraduate/taught/
2710,English Literature: American Modern Literature MLitt,英语文学：美国现代文学（MLitt）,master,1,https://www.gla.ac.uk/postgraduate/taught/
2710,English Literature: Fantasy MLitt,英语文学：Fantasy（MLitt）,master,1,https://www.gla.ac.uk/postgraduate/taught/
2710,"English Literature: Modernities - Literature, Culture, Theory MLitt",英语文学：现代性：文学、文化与理论（MLitt）,master,1,https://www.gla.ac.uk/postgraduate/taught/
2710,Enhanced Practice in Education (Dumfries campus) MSc,Enhanced 实践 in 教育学 （Dumfries campus）（MSc）,master,1,https://www.gla.ac.uk/postgraduate/taught/
2710,Environment & Sustainable Development MSc,环境与可持续 Development（MSc）,master,1,https://www.gla.ac.uk/postgraduate/taught/
2710,"Environment, Culture & Communication (Dumfries campus) MLitt",环境，文化与传播 （Dumfries campus）（MLitt）,master,1,https://www.gla.ac.uk/postgraduate/taught/
2710,Environmental Risk Management (Dumfries campus) MSc,Environmental 风险 管理学 （Dumfries campus）（MSc）,master,1,https://www.gla.ac.uk/postgraduate/taught/
2710,Environmental Science (Glasgow-Nankai Joint Graduate School) MSc,环境科学 （Glasgow-Nankai Joint Graduate School）（MSc）,master,1,https://www.gla.ac.uk/postgraduate/taught/
2710,Epidemiology of Infectious Diseases & Antimicrobial Resistance MSc,Epidemiology of Infectious Diseases与抗微生物耐药性（MSc）,master,1,https://www.gla.ac.uk/postgraduate/taught/
2710,Film & Television Studies MLitt,电影与电视 研究（MLitt）,master,1,https://www.gla.ac.uk/postgraduate/taught/
2710,Film Curation MSc,电影 策展与馆藏管理（MSc）,master,1,https://www.gla.ac.uk/postgraduate/taught/
2710,Filmmaking & Media Arts MSc,电影制作与媒体 Arts（MSc）,master,1,https://www.gla.ac.uk/postgraduate/taught/
2710,Finance & Management MSc,金融与管理学（MSc）,master,1,https://www.gla.ac.uk/postgraduate/taught/
2710,Financial Economics MSc,金融 经济学（MSc）,master,1,https://www.gla.ac.uk/postgraduate/taught/
2710,Financial Engineering MSc,金融 Engineering（MSc）,master,1,https://www.gla.ac.uk/postgraduate/taught/
2710,Financial Risk Management MSc,金融 风险 管理学（MSc）,master,1,https://www.gla.ac.uk/postgraduate/taught/
2710,Financial Technology MSc,金融 技术（MSc）,master,1,https://www.gla.ac.uk/postgraduate/taught/
2710,Food Security MSc,Food 安全（MSc）,master,1,https://www.gla.ac.uk/postgraduate/taught/
2710,Gender History MSc/PgDip,Gender 历史学（MSc/PgDip）,master,1,https://www.gla.ac.uk/postgraduate/taught/
2710,Geoinformation Technology & Cartography MSc/PgDip/PgCert,地理信息 技术与制图学（MSc/PgDip/PgCert）,master,1,https://www.gla.ac.uk/postgraduate/taught/
2710,Geomatics & Management MSc,测绘与地理信息与管理学（MSc）,master,1,https://www.gla.ac.uk/postgraduate/taught/
2710,Geospatial & Mapping Sciences MSc/PgDip/PgCert,Geospatial与Mapping 科学（MSc/PgDip/PgCert）,master,1,https://www.gla.ac.uk/postgraduate/taught/
2710,Geospatial Data Science & AI MSc,Geospatial 数据科学与AI（MSc）,master,1,https://www.gla.ac.uk/postgraduate/taught/
2710,Global Communications MSc,全球 通信（MSc）,master,1,https://www.gla.ac.uk/postgraduate/taught/
2710,Global Cultural Enterprise MSc,全球 Cultural Enterprise（MSc）,master,1,https://www.gla.ac.uk/postgraduate/taught/
2710,Global Development MSc,全球 Development（MSc）,master,1,https://www.gla.ac.uk/postgraduate/taught/
2710,Global Economy MSc,全球 经济（MSc）,master,1,https://www.gla.ac.uk/postgraduate/taught/
2710,Global Gender History MSc/PgDip/PgCert: Online distance learning,全球 Gender 历史学（MSc/PgDip/PgCert）：在线远程学习,master,1,https://www.gla.ac.uk/postgraduate/taught/
2710,Global Health Policy & Society MSc,全球健康 政策与Society（MSc）,master,1,https://www.gla.ac.uk/postgraduate/taught/
2710,Global History MSc,全球 历史学（MSc）,master,1,https://www.gla.ac.uk/postgraduate/taught/
2710,"Global Markets, Local Creativities (Erasmus Mundus International Master) IntM",全球 市场，Local Creativities （Erasmus Mundus 国际 Master）（IntM）,master,1,https://www.gla.ac.uk/postgraduate/taught/
2710,Global Mental Health MSc/PgDip/PgCert,全球 心理健康（MSc/PgDip/PgCert）,master,1,https://www.gla.ac.uk/postgraduate/taught/
2710,Global Security MSc,全球 安全（MSc）,master,1,https://www.gla.ac.uk/postgraduate/taught/
2710,"Health Care, Advanced Practice in MSc(MedSci)",健康 照护，高级 实践 in（MSc(MedSci)）,master,1,https://www.gla.ac.uk/postgraduate/taught/
2710,Health Economics & Health Technology Assessment MSc/PgDip/PgCert: Online distance learning,卫生经济学与卫生技术评估（MSc/PgDip/PgCert）：在线远程学习,master,1,https://www.gla.ac.uk/postgraduate/taught/
2710,Health Services Management MSc/PgDip/PgCert,健康 Services 管理学（MSc/PgDip/PgCert）,master,1,https://www.gla.ac.uk/postgraduate/taught/
2710,Health-Professions Education / Health-Professions Education (with Research) MSc/MSc (Research)/PgDip/PgCert: Online distance learning,卫生健康专业教育 / 卫生健康专业教育 （with 研究） MSc/MSc （研究）/PgDip/PgCert：在线远程学习,master,1,https://www.gla.ac.uk/postgraduate/taught/
2710,Healthcare Chaplaincy PgCert,医疗健康 牧灵关怀（PgCert）,master,1,https://www.gla.ac.uk/postgraduate/taught/
2710,History MSc/PgDip,历史学（MSc/PgDip）,master,1,https://www.gla.ac.uk/postgraduate/taught/
2710,Human Anatomy PgCert,人文 解剖学（PgCert）,master,1,https://www.gla.ac.uk/postgraduate/taught/
2710,Human Computer Interaction MSc,人文 计算机 Interaction（MSc）,master,1,https://www.gla.ac.uk/postgraduate/taught/
2710,"Human Geography: Spaces, Politics, Ecologies MRes",人文 地理学：Spaces，Politics，Ecologies（MRes）,master,1,https://www.gla.ac.uk/postgraduate/taught/
2710,Human Nutrition MSc(MedSci),人文 营养（MSc(MedSci)）,master,1,https://www.gla.ac.uk/postgraduate/taught/
2710,Human Rights LLM,人权（LLM）,master,1,https://www.gla.ac.uk/postgraduate/taught/
2710,Human Rights & International Politics MSc,人权与国际 Politics（MSc）,master,1,https://www.gla.ac.uk/postgraduate/taught/
2710,Immunology & Inflammatory Disease MSc/PgDip/PgCert,免疫学与Inflammatory Disease（MSc/PgDip/PgCert）,master,1,https://www.gla.ac.uk/postgraduate/taught/
2710,In Headship PgDip,In Headship（PgDip）,master,1,https://www.gla.ac.uk/postgraduate/taught/
2710,"Inclusive Education: Research, Policy & Practice MEd/PgDip/PgCert",融合教育：研究，政策与实践（MEd/PgDip/PgCert）,master,1,https://www.gla.ac.uk/postgraduate/taught/
2710,"Inclusive Education: Research, Policy & Practice PgDip/PgCert: Online distance learning",融合教育：研究，政策与实践（PgDip/PgCert）：在线远程学习,master,1,https://www.gla.ac.uk/postgraduate/taught/
2710,Industrial Biotechnology MSc,工业 生物技术（MSc）,master,1,https://www.gla.ac.uk/postgraduate/taught/
2710,Industrial Biotechnology (with Industry Training) MSc,工业 生物技术 （with Industry Training）（MSc）,master,1,https://www.gla.ac.uk/postgraduate/taught/
2710,Infant Mental Health MSc/PgDip/PgCert: Online distance learning,婴幼儿心理健康（MSc/PgDip/PgCert）：在线远程学习,master,1,https://www.gla.ac.uk/postgraduate/taught/
2710,Infection Biology (with specialisms) MSc/PgDip/PgCert,Infection 生物学 （with specialisms）（MSc/PgDip/PgCert）,master,1,https://www.gla.ac.uk/postgraduate/taught/
2710,Information Technology MSc,信息 技术（MSc）,master,1,https://www.gla.ac.uk/postgraduate/taught/
2710,Integrative Neuroscience MSc,Integrative 神经科学（MSc）,master,1,https://www.gla.ac.uk/postgraduate/taught/
2710,Intellectual Property & the Digital Economy LLM,Intellectual Property与the 数字 经济（LLM）,master,1,https://www.gla.ac.uk/postgraduate/taught/
2710,International Accounting & Financial Management MAcc,国际 会计与金融 管理学（MAcc）,master,1,https://www.gla.ac.uk/postgraduate/taught/
2710,International Business MSc,国际 商科（MSc）,master,1,https://www.gla.ac.uk/postgraduate/taught/
2710,International Commercial Law LLM,国际 Commercial 法学（LLM）,master,1,https://www.gla.ac.uk/postgraduate/taught/
2710,International Competition Law & Policy LLM,国际 Competition 法学与政策（LLM）,master,1,https://www.gla.ac.uk/postgraduate/taught/
2710,International Economic Law LLM,国际 经济 法学（LLM）,master,1,https://www.gla.ac.uk/postgraduate/taught/
2710,International Finance MFin,国际 金融（MFin）,master,1,https://www.gla.ac.uk/postgraduate/taught/
2710,International Financial Analysis MSc,国际 金融 Analysis（MSc）,master,1,https://www.gla.ac.uk/postgraduate/taught/
2710,International Human Resource Management & Development MSc,国际 人文 Resource 管理学与Development（MSc）,master,1,https://www.gla.ac.uk/postgraduate/taught/
2710,International Law LLM,国际 法学（LLM）,master,1,https://www.gla.ac.uk/postgraduate/taught/
2710,International Law & Security LLM,国际 法学与安全（LLM）,master,1,https://www.gla.ac.uk/postgraduate/taught/
2710,International Management & Design Innovation MSc,国际 管理学与设计 Innovation（MSc）,master,1,https://www.gla.ac.uk/postgraduate/taught/
2710,International Relations MSc,国际关系（MSc）,master,1,https://www.gla.ac.uk/postgraduate/taught/
2710,International Relations (Glasgow-Nankai Joint Graduate School) MSc,国际关系 （Glasgow-Nankai Joint Graduate School）（MSc）,master,1,https://www.gla.ac.uk/postgraduate/taught/
2710,International Strategic Marketing MSc,国际 Strategic 市场营销（MSc）,master,1,https://www.gla.ac.uk/postgraduate/taught/
2710,Into Headship PgCert,Into Headship（PgCert）,master,1,https://www.gla.ac.uk/postgraduate/taught/
2710,Investment Banking & Finance MSc,Investment 银行学与金融（MSc）,master,1,https://www.gla.ac.uk/postgraduate/taught/
2710,Land & Hydrographic Surveying MSc/PgDip/PgCert,土地与水道测量 测量（MSc/PgDip/PgCert）,master,1,https://www.gla.ac.uk/postgraduate/taught/
2710,Land & Hydrographic Surveying (Universitas Gadjah Mada dual degree) MSc,土地与水道测量 测量 （Universitas Gadjah Mada dual degree）（MSc）,master,1,https://www.gla.ac.uk/postgraduate/taught/
2710,Land & Hydrographic Surveying with Work Placement MSc,土地 & 水道测量 测量（含实习）（MSc）,master,1,https://www.gla.ac.uk/postgraduate/taught/
2710,Law LLM,法学（LLM）,master,1,https://www.gla.ac.uk/postgraduate/taught/
2710,Library & Information Studies MSc/PgDip,Library与信息 研究（MSc/PgDip）,master,1,https://www.gla.ac.uk/postgraduate/taught/
2710,"Lymphoedema Management, Advanced PgCert: Blended learning",淋巴水肿 管理学，高级（PgCert）：混合式学习,master,1,https://www.gla.ac.uk/postgraduate/taught/
2710,Management MSc,管理学（MSc）,master,1,https://www.gla.ac.uk/postgraduate/taught/
2710,Management MRes,管理学（MRes）,master,1,https://www.gla.ac.uk/postgraduate/taught/
2710,Management & Sustainable Tourism (Dumfries campus) MSc,管理学与可持续 旅游 （Dumfries campus）（MSc）,master,1,https://www.gla.ac.uk/postgraduate/taught/
2710,Management with Enterprise & Business Growth MSc,管理学（Enterprise & 商科 Growth方向）（MSc）,master,1,https://www.gla.ac.uk/postgraduate/taught/
2710,Management with Human Resources MSc,管理学（人文 Resources方向）（MSc）,master,1,https://www.gla.ac.uk/postgraduate/taught/
2710,Management with Marketing MSc,管理学（市场营销方向）（MSc）,master,1,https://www.gla.ac.uk/postgraduate/taught/
2710,Managing Art & Cultural Heritage in Global Markets (Erasmus Mundus International Master) IntM,Managing Art与Cultural 文化遗产 in 全球 市场 （Erasmus Mundus 国际 Master）（IntM）,master,1,https://www.gla.ac.uk/postgraduate/taught/
2710,Marine & Coastal Management (Dumfries campus) MSc,海洋与Coastal 管理学 （Dumfries campus）（MSc）,master,1,https://www.gla.ac.uk/postgraduate/taught/
2710,Material Culture & Artefact Studies MSc/PgDip,Material 文化与Artefact 研究（MSc/PgDip）,master,1,https://www.gla.ac.uk/postgraduate/taught/
2710,Mathematics / Applied Mathematics MSc,数学 / 应用 数学（MSc）,master,1,https://www.gla.ac.uk/postgraduate/taught/
2710,MBA (Master of Business Administration) MBA,MBA （Master of 商科 Administration）（MBA）,master,1,https://www.gla.ac.uk/postgraduate/taught/
2710,Mechanical Engineering MSc,机械工程（MSc）,master,1,https://www.gla.ac.uk/postgraduate/taught/
2710,Mechanical Engineering & Management MSc,机械工程与管理学（MSc）,master,1,https://www.gla.ac.uk/postgraduate/taught/
2710,Mechatronics MSc,Mechatronics（MSc）,master,1,https://www.gla.ac.uk/postgraduate/taught/
2710,Media Management MSc,媒体 管理学（MSc）,master,1,https://www.gla.ac.uk/postgraduate/taught/
2710,"Media, Communications & International Journalism MSc",媒体，通信与国际 Journalism（MSc）,master,1,https://www.gla.ac.uk/postgraduate/taught/
2710,"Media, Culture & Society MSc",媒体，文化与Society（MSc）,master,1,https://www.gla.ac.uk/postgraduate/taught/
2710,Medical Devices Engineering MSc,Medical Devices Engineering（MSc）,master,1,https://www.gla.ac.uk/postgraduate/taught/
2710,Medical Genetics & Genomics MSc(MedSci),Medical 遗传学与基因组学（MSc(MedSci)）,master,1,https://www.gla.ac.uk/postgraduate/taught/
2710,Medical Visualisation & Human Anatomy MSc,Medical 可视化与人文 解剖学（MSc）,master,1,https://www.gla.ac.uk/postgraduate/taught/
2710,Medieval History MSc/PgDip,中世纪 历史学（MSc/PgDip）,master,1,https://www.gla.ac.uk/postgraduate/taught/
2710,MedTech Innovation MSc,医疗科技 Innovation（MSc）,master,1,https://www.gla.ac.uk/postgraduate/taught/
2710,"Ministry, Theology & Practice MTh/PgDip/PgCert",牧职，神学与实践（MTh/PgDip/PgCert）,master,1,https://www.gla.ac.uk/postgraduate/taught/
2710,Modern History MSc/PgDip,现代 历史学（MSc/PgDip）,master,1,https://www.gla.ac.uk/postgraduate/taught/
2710,Museum Education MSc,博物馆 教育学（MSc）,master,1,https://www.gla.ac.uk/postgraduate/taught/
2710,Museum Studies MSc/PgDip,博物馆 研究（MSc/PgDip）,master,1,https://www.gla.ac.uk/postgraduate/taught/
2710,Music Industries MSc,Music Industries（MSc）,master,1,https://www.gla.ac.uk/postgraduate/taught/
2710,Musicology MMus,音乐学（MMus）,master,1,https://www.gla.ac.uk/postgraduate/taught/
2710,Nanoscience & Nanotechnology MSc,纳米科学与纳米技术（MSc）,master,1,https://www.gla.ac.uk/postgraduate/taught/
2710,Nuclear & Environmental Physics MSc,核与Environmental 物理学（MSc）,master,1,https://www.gla.ac.uk/postgraduate/taught/
2710,"Nursing Science, Advanced MSc",护理学 科学，高级（MSc）,master,1,https://www.gla.ac.uk/postgraduate/taught/
2710,One Health & Infectious Disease MSc/PgDip/PgCert: Online distance learning,同一健康与传染病（MSc/PgDip/PgCert）：在线远程学习,master,1,https://www.gla.ac.uk/postgraduate/taught/
2710,Oral & Maxillofacial Surgery MSc(DentSci),Oral与颌面 外科学（MSc(DentSci)）,master,1,https://www.gla.ac.uk/postgraduate/taught/
2710,Oral Sciences MSc,Oral 科学（MSc）,master,1,https://www.gla.ac.uk/postgraduate/taught/
2710,Palliative Care MSc/PgDip/PgCert: Online distance learning,姑息治疗（MSc/PgDip/PgCert）：在线远程学习,master,1,https://www.gla.ac.uk/postgraduate/taught/
2710,Philosophy MSc,哲学（MSc）,master,1,https://www.gla.ac.uk/postgraduate/taught/
2710,Philosophy (Conversion) MSc,哲学 （转专业）（MSc）,master,1,https://www.gla.ac.uk/postgraduate/taught/
2710,Philosophy of Mind & Psychology MSc,哲学 of Mind与心理学（MSc）,master,1,https://www.gla.ac.uk/postgraduate/taught/
2710,Philosophy of Mind & Psychology (Conversion) MSc,哲学 of Mind与心理学 （转专业）（MSc）,master,1,https://www.gla.ac.uk/postgraduate/taught/
2710,Philosophy: Knowledge & Society IntM,哲学：Knowledge与Society（IntM）,master,1,https://www.gla.ac.uk/postgraduate/taught/
2710,Physics Graduate Diploma GradDip,物理学 Graduate Diploma（GradDip）,master,1,https://www.gla.ac.uk/postgraduate/taught/
2710,Playwriting & Dramaturgy MLitt,剧作与戏剧构作（MLitt）,master,1,https://www.gla.ac.uk/postgraduate/taught/
2710,Political Communication MSc,政治 传播（MSc）,master,1,https://www.gla.ac.uk/postgraduate/taught/
2710,Positive Behaviour Support MSc/PgDip/PgCert: Online distance learning,积极行为支持（MSc/PgDip/PgCert）：在线远程学习,master,1,https://www.gla.ac.uk/postgraduate/taught/
2710,Precision Medicine MSc,精准 医学（MSc）,master,1,https://www.gla.ac.uk/postgraduate/taught/
2710,Product Design Engineering MSc,产品设计工程（MSc）,master,1,https://www.gla.ac.uk/postgraduate/taught/
2710,Professional Practice with PGDE MEd,Professional 实践（PGDE方向）（MEd）,master,1,https://www.gla.ac.uk/postgraduate/taught/
2710,Psychological Science (conversion) MSc,心理 科学 （转专业）（MSc）,master,1,https://www.gla.ac.uk/postgraduate/taught/
2710,"Psychological Science, Research Methods of MSc",心理 科学，研究 方法 of（MSc）,master,1,https://www.gla.ac.uk/postgraduate/taught/
2710,Psychological Studies (conversion) MSc,心理 研究 （转专业）（MSc）,master,1,https://www.gla.ac.uk/postgraduate/taught/
2710,Psychology (conversion) MSc: Online distance learning,心理学 （转专业）（MSc）：在线远程学习,master,1,https://www.gla.ac.uk/postgraduate/taught/
2710,Public Health MPH/PgDip/PgCert,公共卫生（MPH/PgDip/PgCert）,master,1,https://www.gla.ac.uk/postgraduate/taught/
2710,Public Health (online) MPH/PgDip/PgCert: Online distance learning,公共卫生 （在线）（MPH/PgDip/PgCert）：在线远程学习,master,1,https://www.gla.ac.uk/postgraduate/taught/
2710,Public Policy MSc,公共 政策（MSc）,master,1,https://www.gla.ac.uk/postgraduate/taught/
2710,Public Policy & Management MSc,公共 政策与管理学（MSc）,master,1,https://www.gla.ac.uk/postgraduate/taught/
2710,Quantum Technology MSc,量子 技术（MSc）,master,1,https://www.gla.ac.uk/postgraduate/taught/
2710,Real Estate MSc,房地产（MSc）,master,1,https://www.gla.ac.uk/postgraduate/taught/
2710,Real Estate PgCert,房地产（PgCert）,master,1,https://www.gla.ac.uk/postgraduate/taught/
2710,Religion & Global Challenges MSc,Religion与全球 Challenges（MSc）,master,1,https://www.gla.ac.uk/postgraduate/taught/
2710,Religious Education by Distance Learning (CREDL) Cert: Online distance learning,宗教 教育学 by 远程 Learning （CREDL）（Cert）：在线远程学习,master,1,https://www.gla.ac.uk/postgraduate/taught/
2710,Reparatory Justice MSc/MA,Reparatory Justice（MSc/MA）,master,1,https://www.gla.ac.uk/postgraduate/taught/
2710,Robotics & AI MSc,机器人与AI（MSc）,master,1,https://www.gla.ac.uk/postgraduate/taught/
2710,Robotics & AI (Universitas Gadjah Mada dual degree) MSc,机器人与AI （Universitas Gadjah Mada dual degree）（MSc）,master,1,https://www.gla.ac.uk/postgraduate/taught/
2710,"Russian, East European & Eurasian Studies MSc",俄语，East European与Eurasian 研究（MSc）,master,1,https://www.gla.ac.uk/postgraduate/taught/
2710,Science Communications MSc,科学 通信（MSc）,master,1,https://www.gla.ac.uk/postgraduate/taught/
2710,Science Public Engagement PgCert: Online distance learning,科学 公共 Engagement（PgCert）：在线远程学习,master,1,https://www.gla.ac.uk/postgraduate/taught/
2710,Scottish History MSc/PgDip,苏格兰历史（MSc/PgDip）,master,1,https://www.gla.ac.uk/postgraduate/taught/
2710,"Security, Intelligence & Strategic Studies (Erasmus Mundus International Master) IntM",安全，Intelligence与Strategic 研究 （Erasmus Mundus 国际 Master）（IntM）,master,1,https://www.gla.ac.uk/postgraduate/taught/
2710,Sensor & Imaging Systems MSc,Sensor与影像 Systems（MSc）,master,1,https://www.gla.ac.uk/postgraduate/taught/
2710,Social Science Research Methods MSc,社会 科学 研究 方法（MSc）,master,1,https://www.gla.ac.uk/postgraduate/taught/
2710,Sociology MSc,社会学（MSc）,master,1,https://www.gla.ac.uk/postgraduate/taught/
2710,Software Development MSc,Software Development（MSc）,master,1,https://www.gla.ac.uk/postgraduate/taught/
2710,Space Science MSc,Space 科学（MSc）,master,1,https://www.gla.ac.uk/postgraduate/taught/
2710,"Speech, Language & Sociolinguistics MSc",Speech，语言与Sociolinguistics（MSc）,master,1,https://www.gla.ac.uk/postgraduate/taught/
2710,Sport & Exercise Science & Medicine MSc,运动与运动 科学与医学（MSc）,master,1,https://www.gla.ac.uk/postgraduate/taught/
2710,Sport & Exercise Science & Medicine MSc/PgDip/PgCert: Online distance learning,运动与运动 科学与医学（MSc/PgDip/PgCert）：在线远程学习,master,1,https://www.gla.ac.uk/postgraduate/taught/
2710,Statistics MSc,统计学（MSc）,master,1,https://www.gla.ac.uk/postgraduate/taught/
2710,Stem Cell Engineering for Regenerative Medicine MSc,Stem 细胞 Engineering for Regenerative 医学（MSc）,master,1,https://www.gla.ac.uk/postgraduate/taught/
2710,Structural Engineering MSc,Structural Engineering（MSc）,master,1,https://www.gla.ac.uk/postgraduate/taught/
2710,Structural Engineering (Universitas Gadjah Mada dual degree) MSc,Structural Engineering （Universitas Gadjah Mada dual degree）（MSc）,master,1,https://www.gla.ac.uk/postgraduate/taught/
2710,Sustainability & Corporate Governance MSc,可持续发展与Corporate Governance（MSc）,master,1,https://www.gla.ac.uk/postgraduate/taught/
2710,Sustainable Energy MSc,可持续 Energy（MSc）,master,1,https://www.gla.ac.uk/postgraduate/taught/
2710,Sustainable Energy (Universitas Gadjah Mada dual degree) MSc,可持续 Energy （Universitas Gadjah Mada dual degree）（MSc）,master,1,https://www.gla.ac.uk/postgraduate/taught/
2710,Sustainable Tourism & Global Challenges (Dumfries campus) MSc,可持续 旅游与全球 Challenges （Dumfries campus）（MSc）,master,1,https://www.gla.ac.uk/postgraduate/taught/
2710,Sustainable Water Environments MSc,可持续 Water 环境（MSc）,master,1,https://www.gla.ac.uk/postgraduate/taught/
2710,Sustainable Water Environments (Universitas Gadjah Mada dual degree) MSc,可持续 Water 环境 （Universitas Gadjah Mada dual degree）（MSc）,master,1,https://www.gla.ac.uk/postgraduate/taught/
2710,Teaching,教育学,master,1,https://www.gla.ac.uk/postgraduate/taught/
2710,Technology Law & Regulation LLM,技术 法学与Regulation（LLM）,master,1,https://www.gla.ac.uk/postgraduate/taught/
2710,TESOL: Teaching of English to Speakers of Other Languages MEd,TESOL：对外英语教学（TESOL）（MEd）,master,1,https://www.gla.ac.uk/postgraduate/taught/
2710,TESOL: Teaching of English to Speakers of Other Languages MSc,TESOL：对外英语教学（TESOL）（MSc）,master,1,https://www.gla.ac.uk/postgraduate/taught/
2710,Textile Conservation MPhil,Textile 保护（MPhil）,master,1,https://www.gla.ac.uk/postgraduate/taught/
2710,Theatre & Performance Practices MLitt,Theatre与Performance Practices（MLitt）,master,1,https://www.gla.ac.uk/postgraduate/taught/
2710,Theatre Studies MLitt,Theatre 研究（MLitt）,master,1,https://www.gla.ac.uk/postgraduate/taught/
2710,Theoretical Physics MSc,理论物理学（MSc）,master,1,https://www.gla.ac.uk/postgraduate/taught/
2710,Tourism & Heritage (Dumfries campus) MSc,旅游与文化遗产 （Dumfries campus）（MSc）,master,1,https://www.gla.ac.uk/postgraduate/taught/
2710,Translation & Intercultural Communication MSc/PgDip/PgCert,Translation与Intercultural 传播（MSc/PgDip/PgCert）,master,1,https://www.gla.ac.uk/postgraduate/taught/
2710,Urban & Regional Planning (Glasgow-Nankai Joint Graduate School) MSc,城市与Regional 规划 （Glasgow-Nankai Joint Graduate School）（MSc）,master,1,https://www.gla.ac.uk/postgraduate/taught/
2710,Urban Analytics MSc,城市 Analytics（MSc）,master,1,https://www.gla.ac.uk/postgraduate/taught/
2710,Urban Studies PgCert,城市研究（PgCert）,master,1,https://www.gla.ac.uk/postgraduate/taught/
2710,Urban Transport MSc,城市 Transport（MSc）,master,1,https://www.gla.ac.uk/postgraduate/taught/
2710,War Studies MSc,War 研究（MSc）,master,1,https://www.gla.ac.uk/postgraduate/taught/
2710,Wealth Management & Private Equity MSc,Wealth 管理学与Private Equity（MSc）,master,1,https://www.gla.ac.uk/postgraduate/taught/
2710,Accounting & Finance PhD,会计与金融（PhD）,master,1,https://www.gla.ac.uk/postgraduate/research/
2710,Advanced Quantitative Methods PhD,高级 定量方法（PhD）,master,1,https://www.gla.ac.uk/postgraduate/research/
2710,"Ageing, Health & Welfare PhD/MSc (Research)",Ageing，健康与Welfare PhD/MSc （研究）,master,1,https://www.gla.ac.uk/postgraduate/research/
2710,American Studies PhD/MLitt (Research)/MPhil (Research)/MRes,美国 研究 PhD/MLitt （研究）/MPhil （研究）/MRes,master,1,https://www.gla.ac.uk/postgraduate/research/
2710,Ancestral Studies MRes,Ancestral 研究（MRes）,master,1,https://www.gla.ac.uk/postgraduate/research/
2710,Animal Ecology PhD/MSc (Research),Animal Ecology PhD/MSc （研究）,master,1,https://www.gla.ac.uk/postgraduate/research/
2710,Applied Linguistics PhD,应用 语言学（PhD）,master,1,https://www.gla.ac.uk/postgraduate/research/
2710,Applied Photonics EngD,应用 Photonics（EngD）,master,1,https://www.gla.ac.uk/postgraduate/research/
2710,Archaeology PhD/MLitt (Research)/MPhil (Research)/MRes,Archaeology PhD/MLitt （研究）/MPhil （研究）/MRes,master,1,https://www.gla.ac.uk/postgraduate/research/
2710,Autonomous Systems and Connectivity PhD/MPhil/MSc (Research),Autonomous Systems与Connectivity PhD/MPhil/MSc （研究）,master,1,https://www.gla.ac.uk/postgraduate/research/
2710,Biochemistry & Biotechnology PhD/MSc (Research),生物化学与生物技术 PhD/MSc （研究）,master,1,https://www.gla.ac.uk/postgraduate/research/
2710,Biomedical Engineering PhD/MPhil/MSc (Research),生物医学工程 PhD/MPhil/MSc （研究）,master,1,https://www.gla.ac.uk/postgraduate/research/
2710,Cancer Sciences PhD/MD/MSc (Research),肿瘤 科学 PhD/MD/MSc （研究）,master,1,https://www.gla.ac.uk/postgraduate/research/
2710,Cardiovascular & Medical Sciences PhD/MD/MSc (Research),Cardiovascular与Medical 科学 PhD/MD/MSc （研究）,master,1,https://www.gla.ac.uk/postgraduate/research/
2710,Cell Engineering PhD/MSc (Research),细胞 Engineering PhD/MSc （研究）,master,1,https://www.gla.ac.uk/postgraduate/research/
2710,Celtic & Gaelic PhD/MLitt (Research)/MPhil (Research)/MRes,Celtic与苏格兰盖尔语 PhD/MLitt （研究）/MPhil （研究）/MRes,master,1,https://www.gla.ac.uk/postgraduate/research/
2710,Central & East European Studies PhD,Central与East 欧洲研究（PhD）,master,1,https://www.gla.ac.uk/postgraduate/research/
2710,Chemistry PhD/MPhil/MSc (Research),化学 PhD/MPhil/MSc （研究）,master,1,https://www.gla.ac.uk/postgraduate/research/
2710,Classics PhD/MLitt (Research)/MPhil (Research)/MRes,古典学 PhD/MLitt （研究）/MPhil （研究）/MRes,master,1,https://www.gla.ac.uk/postgraduate/research/
2710,Clinical & Surgical Sciences PhD/MD/MSc (Research),临床与Surgical 科学 PhD/MD/MSc （研究）,master,1,https://www.gla.ac.uk/postgraduate/research/
2710,Comparative Literature PhD/MLitt (Research)/MPhil (Research)/MRes,比较文学 PhD/MLitt （研究）/MPhil （研究）/MRes,master,1,https://www.gla.ac.uk/postgraduate/research/
2710,Computing Science PhD/MPhil/MSc (Research),计算机科学 PhD/MPhil/MSc （研究）,master,1,https://www.gla.ac.uk/postgraduate/research/
2710,Creative & Cultural Industries PhD,Creative与Cultural Industries（PhD）,master,1,https://www.gla.ac.uk/postgraduate/research/
2710,Creative Writing DFA/MFA,创意写作（DFA/MFA）,master,1,https://www.gla.ac.uk/postgraduate/research/
2710,Criminology PhD/MRes,Criminology（PhD/MRes）,master,1,https://www.gla.ac.uk/postgraduate/research/
2710,Dentistry (Community Oral Health & Oral Sciences) PhD/MSc (Research),牙科学 （Community Oral 健康与Oral 科学） PhD/MSc （研究）,master,1,https://www.gla.ac.uk/postgraduate/research/
2710,"Diabetes, Renal, Endocrine & Metabolic Medicine PhD/MD/MSc (Research)",Diabetes，Renal，Endocrine与Metabolic 医学 PhD/MD/MSc （研究）,master,1,https://www.gla.ac.uk/postgraduate/research/
2710,Economic & Social History PhD,经济与社会 历史学（PhD）,master,1,https://www.gla.ac.uk/postgraduate/research/
2710,Economics PhD,经济学（PhD）,master,1,https://www.gla.ac.uk/postgraduate/research/
2710,Education (by Research) EdD: Online distance learning,教育学 （by 研究）（EdD）：在线远程学习,master,1,https://www.gla.ac.uk/postgraduate/research/
2710,Education (School of Education) PhD/MPhil,教育学 （School of 教育学）（PhD/MPhil）,master,1,https://www.gla.ac.uk/postgraduate/research/
2710,Education (School of Social & Environmental Sustainability) PhD,教育学 （School of 社会与Environmental 可持续发展）（PhD）,master,1,https://www.gla.ac.uk/postgraduate/research/
2710,Electronics & Nanoscale Engineering PhD/MPhil/MSc (Research),电子工程与Nanoscale Engineering PhD/MPhil/MSc （研究）,master,1,https://www.gla.ac.uk/postgraduate/research/
2710,English Language & Linguistics PhD/MLitt (Research)/MPhil (Research)/MRes,英语语言与语言学 PhD/MLitt （研究）/MPhil （研究）/MRes,master,1,https://www.gla.ac.uk/postgraduate/research/
2710,English Literature PhD/MLitt (Research)/MPhil (Research)/MRes,英语文学 PhD/MLitt （研究）/MPhil （研究）/MRes,master,1,https://www.gla.ac.uk/postgraduate/research/
2710,Environmental Research PhD/MPhil/MSc (Research),Environmental 研究 PhD/MPhil/MSc （研究）,master,1,https://www.gla.ac.uk/postgraduate/research/
2710,Environmental Sciences PhD/MSc (Research)/MPhil (Research),Environmental 科学 PhD/MSc （研究）/MPhil （研究）,master,1,https://www.gla.ac.uk/postgraduate/research/
2710,Environmental Sustainability PhD,Environmental 可持续发展（PhD）,master,1,https://www.gla.ac.uk/postgraduate/research/
2710,Evolutionary Analysis PhD/MSc (Research),Evolutionary Analysis PhD/MSc （研究）,master,1,https://www.gla.ac.uk/postgraduate/research/
2710,Film & TV Studies PhD/MLitt (Research)/MPhil (Research)/MRes,电影与TV 研究 PhD/MLitt （研究）/MPhil （研究）/MRes,master,1,https://www.gla.ac.uk/postgraduate/research/
2710,French PhD/MLitt (Research)/MPhil (Research)/MRes,法语 PhD/MLitt （研究）/MPhil （研究）/MRes,master,1,https://www.gla.ac.uk/postgraduate/research/
2710,General Practice & Primary Care PhD/MSc (Research),General 实践与小学 照护 PhD/MSc （研究）,master,1,https://www.gla.ac.uk/postgraduate/research/
2710,Geology PhD/MSc (Research)/MPhil (Research),地质学 PhD/MSc （研究）/MPhil （研究）,master,1,https://www.gla.ac.uk/postgraduate/research/
2710,Geospatial Data Science PhD,Geospatial 数据科学（PhD）,master,1,https://www.gla.ac.uk/postgraduate/research/
2710,German PhD/MLitt (Research)/MPhil (Research)/MRes,德语 PhD/MLitt （研究）/MPhil （研究）/MRes,master,1,https://www.gla.ac.uk/postgraduate/research/
2710,Health and Social Policy PhD,健康与社会政策（PhD）,master,1,https://www.gla.ac.uk/postgraduate/research/
2710,Health Economics and Health Technology Assessment PhD/MSc (Research),卫生经济学与卫生技术评估 PhD/MSc （研究）,master,1,https://www.gla.ac.uk/postgraduate/research/
2710,Health Professions Education PhD/MD,健康 专业 教育学（PhD/MD）,master,1,https://www.gla.ac.uk/postgraduate/research/
2710,Hispanic Studies PhD/MLitt (Research)/MPhil (Research)/MRes,Hispanic 研究 PhD/MLitt （研究）/MPhil （研究）/MRes,master,1,https://www.gla.ac.uk/postgraduate/research/
2710,History PhD/MLitt (Research)/MPhil (Research)/MRes,历史学 PhD/MLitt （研究）/MPhil （研究）/MRes,master,1,https://www.gla.ac.uk/postgraduate/research/
2710,History of Art PhD/MLitt (Research)/MPhil (Research),艺术史 PhD/MLitt （研究）/MPhil （研究）,master,1,https://www.gla.ac.uk/postgraduate/research/
2710,Human Geography PhD/MPhil/MSc (Research),人文 地理学 PhD/MPhil/MSc （研究）,master,1,https://www.gla.ac.uk/postgraduate/research/
2710,"Infection, Immunity & Inflammation PhD/MD/MSc (Research)",Infection，Immunity与Inflammation PhD/MD/MSc （研究）,master,1,https://www.gla.ac.uk/postgraduate/research/
2710,Infectious Disease PhD/MSc (Research),传染病 PhD/MSc （研究）,master,1,https://www.gla.ac.uk/postgraduate/research/
2710,Information Studies PhD/MLitt (Research)/MPhil (Research)/MRes,信息 研究 PhD/MLitt （研究）/MPhil （研究）/MRes,master,1,https://www.gla.ac.uk/postgraduate/research/
2710,Infrastructure & Environment PhD/MPhil/MSc (Research),Infrastructure与环境 PhD/MPhil/MSc （研究）,master,1,https://www.gla.ac.uk/postgraduate/research/
2710,Interdisciplinary Studies PhD/MPhil,Interdisciplinary 研究（PhD/MPhil）,master,1,https://www.gla.ac.uk/postgraduate/research/
2710,Italian PhD/MLitt (Research)/MPhil (Research)/MRes,意大利语 PhD/MLitt （研究）/MPhil （研究）/MRes,master,1,https://www.gla.ac.uk/postgraduate/research/
2710,Law PhD/LLM (Research),法学 PhD/LLM （研究）,master,1,https://www.gla.ac.uk/postgraduate/research/
2710,Management PhD,管理学（PhD）,master,1,https://www.gla.ac.uk/postgraduate/research/
2710,Mathematics PhD/iPhD/MPhil/MSc (Research),数学 PhD/iPhD/MPhil/MSc （研究）,master,1,https://www.gla.ac.uk/postgraduate/research/
2710,Media & Cultural Policy PhD,媒体与Cultural 政策（PhD）,master,1,https://www.gla.ac.uk/postgraduate/research/
2710,Mental Health PhD,心理健康（PhD）,master,1,https://www.gla.ac.uk/postgraduate/research/
2710,Microbiology PhD/MSc (Research),微生物学 PhD/MSc （研究）,master,1,https://www.gla.ac.uk/postgraduate/research/
2710,Modern Languages & Cultures PhD/MRes,现代 语言与Cultures（PhD/MRes）,master,1,https://www.gla.ac.uk/postgraduate/research/
2710,Molecular Genetics PhD/MSc (Research),Molecular 遗传学 PhD/MSc （研究）,master,1,https://www.gla.ac.uk/postgraduate/research/
2710,Molecular Pharmacology PhD/MSc (Research),Molecular 药理学 PhD/MSc （研究）,master,1,https://www.gla.ac.uk/postgraduate/research/
2710,Music PhD/MPhil (Research)/MRes,Music PhD/MPhil （研究）/MRes,master,1,https://www.gla.ac.uk/postgraduate/research/
2710,Neuroscience & Psychology PhD/MD,神经科学与心理学（PhD/MD）,master,1,https://www.gla.ac.uk/postgraduate/research/
2710,Nursing & Health Sciences PhD/MSc (Research),护理学与健康 科学 PhD/MSc （研究）,master,1,https://www.gla.ac.uk/postgraduate/research/
2710,Nutrition PhD/MD/MSc (Research),营养 PhD/MD/MSc （研究）,master,1,https://www.gla.ac.uk/postgraduate/research/
2710,Parasitology PhD/MSc (Research),Parasitology PhD/MSc （研究）,master,1,https://www.gla.ac.uk/postgraduate/research/
2710,Philosophy PhD/MLitt (Research)/MPhil (Research),哲学 PhD/MLitt （研究）/MPhil （研究）,master,1,https://www.gla.ac.uk/postgraduate/research/
2710,Philosophy & Psychology PhD,哲学与心理学（PhD）,master,1,https://www.gla.ac.uk/postgraduate/research/
2710,Physics & Astronomy PhD/EngD/MPhil/MSc (Research),物理学与天文学 PhD/EngD/MPhil/MSc （研究）,master,1,https://www.gla.ac.uk/postgraduate/research/
2710,Plant Science PhD/MSc (Research),植物 科学 PhD/MSc （研究）,master,1,https://www.gla.ac.uk/postgraduate/research/
2710,Politics & International Relations PhD,Politics与国际关系（PhD）,master,1,https://www.gla.ac.uk/postgraduate/research/
2710,Population & Ecosystems Health PhD/MSc (Research),Population与Ecosystems 健康 PhD/MSc （研究）,master,1,https://www.gla.ac.uk/postgraduate/research/
2710,Precision Medicine PhD,精准 医学（PhD）,master,1,https://www.gla.ac.uk/postgraduate/research/
2710,Public Health PhD/MD,公共卫生（PhD/MD）,master,1,https://www.gla.ac.uk/postgraduate/research/
2710,Scottish Literature PhD/MLitt (Research)/MPhil (Research)/MRes,苏格兰文学 PhD/MLitt （研究）/MPhil （研究）/MRes,master,1,https://www.gla.ac.uk/postgraduate/research/
2710,Sensor & Imaging Systems EngD,Sensor与影像 Systems（EngD）,master,1,https://www.gla.ac.uk/postgraduate/research/
2710,Slavonic Languages & Cultures PhD/MLitt (Research)/MPhil (Research)/MRes,Slavonic 语言与Cultures PhD/MLitt （研究）/MPhil （研究）/MRes,master,1,https://www.gla.ac.uk/postgraduate/research/
2710,Social & Public Health (Social Sciences) PhD,社会与公共卫生 （社会 科学）（PhD）,master,1,https://www.gla.ac.uk/postgraduate/research/
2710,Social & Public Health Science PhD/MD,社会与公共卫生 科学（PhD/MD）,master,1,https://www.gla.ac.uk/postgraduate/research/
2710,Social & Public Policy PhD,社会与公共 政策（PhD）,master,1,https://www.gla.ac.uk/postgraduate/research/
2710,Sociology PhD,社会学（PhD）,master,1,https://www.gla.ac.uk/postgraduate/research/
2710,Sport Science PhD/MSc (Research),运动 科学 PhD/MSc （研究）,master,1,https://www.gla.ac.uk/postgraduate/research/
2710,Statistics PhD/iPhD/MPhil/MSc (Research),统计学 PhD/iPhD/MPhil/MSc （研究）,master,1,https://www.gla.ac.uk/postgraduate/research/
2710,Systems Biology PhD/MSc (Research),Systems 生物学 PhD/MSc （研究）,master,1,https://www.gla.ac.uk/postgraduate/research/
2710,Systems Power & Energy PhD/EngD/MPhil/MSc (Research),Systems Power与Energy PhD/EngD/MPhil/MSc （研究）,master,1,https://www.gla.ac.uk/postgraduate/research/
2710,Text/Image Studies PhD,Text/Image 研究（PhD）,master,1,https://www.gla.ac.uk/postgraduate/research/
2710,Theatre Studies PhD/MLitt (Research)/MPhil (Research)/MRes,Theatre 研究 PhD/MLitt （研究）/MPhil （研究）/MRes,master,1,https://www.gla.ac.uk/postgraduate/research/
2710,Theology & Religious Studies PhD/MPhil/MTh/MLitt (Research)/MRes,神学与宗教研究 PhD/MPhil/MTh/MLitt （研究）/MRes,master,1,https://www.gla.ac.uk/postgraduate/research/
2710,Tissue Regeneration & Cancer MSc (Research),Tissue Regeneration与肿瘤 MSc （研究）,master,1,https://www.gla.ac.uk/postgraduate/research/
2710,Tourism Studies PhD,旅游 研究（PhD）,master,1,https://www.gla.ac.uk/postgraduate/research/
2710,Translation Studies PhD/MLitt (Research)/MPhil (Research),Translation 研究 PhD/MLitt （研究）/MPhil （研究）,master,1,https://www.gla.ac.uk/postgraduate/research/
2710,Urban Studies PhD,城市研究（PhD）,master,1,https://www.gla.ac.uk/postgraduate/research/
2710,Veterinary Medicine PhD,兽医 医学（PhD）,master,1,https://www.gla.ac.uk/postgraduate/research/
2710,Virology PhD/MD/MSc (Research),病毒学 PhD/MD/MSc （研究）,master,1,https://www.gla.ac.uk/postgraduate/research/
2710,War Studies PhD/MLitt (Research)/MPhil (Research),War 研究 PhD/MLitt （研究）/MPhil （研究）,master,1,https://www.gla.ac.uk/postgraduate/research/
