university_id,major_name_en,major_name_cn,degree_level,is_active,notes
2712,Accounting and Finance BSc (Hons),会计与金融（BSc (Hons)）,bachelor,1,https://www.liverpool.ac.uk/courses/accounting-and-finance-bsc-hons
2712,Accounting and Finance with a Year in Industry BSc (Hons),会计与金融（含一年行业实习）（BSc (Hons)）,bachelor,1,https://www.liverpool.ac.uk/courses/accounting-and-finance-with-a-year-in-industry-bsc-hons
2712,Actuarial Mathematics BSc (Hons),精算数学（BSc (Hons)）,bachelor,1,https://www.liverpool.ac.uk/courses/actuarial-mathematics-bsc-hons
2712,Actuarial Mathematics with a Year Abroad BSc (Hons),精算数学（含一年海外学习）（BSc (Hons)）,bachelor,1,https://www.liverpool.ac.uk/courses/actuarial-mathematics-with-a-year-abroad-bsc-hons
2712,"Acute, Critical and Emergency Care (ACE Care) BSc (Hons)",急危重症与急诊护理（ACE Care）（BSc (Hons)）,bachelor,1,https://www.liverpool.ac.uk/courses/acute-critical-and-emergency-care-ace-care-bsc-hons
2712,Aerospace Engineering BEng (Hons),航空航天工程（BEng (Hons)）,bachelor,1,https://www.liverpool.ac.uk/courses/aerospace-engineering-beng-hons
2712,Aerospace Engineering MEng,航空航天工程（MEng）,bachelor,1,https://www.liverpool.ac.uk/courses/aerospace-engineering-meng
2712,Aerospace Engineering with Pilot Studies BEng (Hons),航空航天工程（飞行方向）（BEng (Hons)）,bachelor,1,https://www.liverpool.ac.uk/courses/aerospace-engineering-with-pilot-studies-beng-hons
2712,Aerospace Engineering with Pilot Studies MEng,航空航天工程（飞行方向）（MEng）,bachelor,1,https://www.liverpool.ac.uk/courses/aerospace-engineering-with-pilot-studies-meng
2712,Aerospace Engineering with Pilot Studies with a Year in Industry BEng (Hons),航空航天工程（飞行研究，含一年行业实习）（BEng (Hons)）,bachelor,1,https://www.liverpool.ac.uk/courses/aerospace-engineering-with-pilot-studies-with-a-year-in-industry-beng-hons
2712,Aerospace Engineering with Pilot Studies with a Year in Industry MEng,航空航天工程（飞行研究，含一年行业实习）（MEng）,bachelor,1,https://www.liverpool.ac.uk/courses/aerospace-engineering-with-pilot-studies-with-a-year-in-industry-meng
2712,Aerospace Engineering with a Year in Industry BEng (Hons),航空航天工程（含一年行业实习）（BEng (Hons)）,bachelor,1,https://www.liverpool.ac.uk/courses/aerospace-engineering-with-a-year-in-industry-beng-hons
2712,Aerospace Engineering with a Year in Industry MEng,航空航天工程（含一年行业实习）（MEng）,bachelor,1,https://www.liverpool.ac.uk/courses/aerospace-engineering-with-a-year-in-industry-meng
2712,Anatomy and Human Biology BSc (Hons),解剖学与人体生物学（BSc (Hons)）,bachelor,1,https://www.liverpool.ac.uk/courses/anatomy-and-human-biology-bsc-hons
2712,Anatomy and Human Biology MBiol,解剖学与人体生物学（MBiol）,bachelor,1,https://www.liverpool.ac.uk/courses/anatomy-and-human-biology-mbiol
2712,Ancient History BA (Hons),古代史（BA (Hons)）,bachelor,1,https://www.liverpool.ac.uk/courses/ancient-history-ba-hons
2712,Applied Mathematics BSc (Hons),应用数学（BSc (Hons)）,bachelor,1,https://www.liverpool.ac.uk/courses/applied-mathematics-bsc-hons
2712,Archaeology BA (Hons),考古学（BA (Hons)）,bachelor,1,https://www.liverpool.ac.uk/courses/archaeology-ba-hons
2712,Archaeology BSc (Hons),考古学（BSc (Hons)）,bachelor,1,https://www.liverpool.ac.uk/courses/archaeology-bsc-hons
2712,Archaeology of Ancient Civilisations BA (Hons),古代文明考古学（BA (Hons)）,bachelor,1,https://www.liverpool.ac.uk/courses/archaeology-of-ancient-civilisations-ba-hons
2712,Architectural Engineering BEng (Hons),建筑工程（BEng (Hons)）,bachelor,1,https://www.liverpool.ac.uk/courses/architectural-engineering-beng-hons
2712,Architectural Engineering MEng,建筑工程（MEng）,bachelor,1,https://www.liverpool.ac.uk/courses/architectural-engineering-meng
2712,Architecture BA (Hons),建筑学（BA (Hons)）,bachelor,1,https://www.liverpool.ac.uk/courses/architecture-ba-hons
2712,Architecture Design Studies BA (Hons),建筑学设计研究（BA (Hons)）,bachelor,1,https://www.liverpool.ac.uk/courses/architecture-design-studies-ba-hons
2712,Artificial Intelligence BSc (Hons),人工智能（BSc (Hons)）,bachelor,1,https://www.liverpool.ac.uk/courses/artificial-intelligence-bsc
2712,Artificial Intelligence with a Year in Industry BSc (Hons),人工智能（含一年行业实习）（BSc (Hons)）,bachelor,1,https://www.liverpool.ac.uk/courses/artificial-intelligence-with-a-year-in-industry-bsc
2712,Astrophysics MPhys,天体物理学（MPhys）,bachelor,1,https://www.liverpool.ac.uk/courses/astrophysics-mphys
2712,Astrophysics with a Year Abroad MPhys,天体物理学（含一年海外学习）（MPhys）,bachelor,1,https://www.liverpool.ac.uk/courses/astrophysics-with-a-year-abroad-mphys
2712,Biochemistry BSc (Hons),生物化学（BSc (Hons)）,bachelor,1,https://www.liverpool.ac.uk/courses/biochemistry-bsc-hons
2712,Biochemistry MBiol,生物化学（MBiol）,bachelor,1,https://www.liverpool.ac.uk/courses/biochemistry-mbiol
2712,Biological Sciences BSc (Hons),生物科学（BSc (Hons)）,bachelor,1,https://www.liverpool.ac.uk/courses/biological-sciences-bsc-hons
2712,Biological Sciences MBiol,生物科学（MBiol）,bachelor,1,https://www.liverpool.ac.uk/courses/biological-sciences-mbiol
2712,Biological Sciences (with a Foundation Year) BSc (Hons),生物科学（预科/基础年）（BSc (Hons)）,bachelor,1,https://www.liverpool.ac.uk/courses/biological-sciences-with-a-foundation-year-leading-to-bsc-hons
2712,Biomedical Sciences BSc (Hons),生物医学科学（BSc (Hons)）,bachelor,1,https://www.liverpool.ac.uk/courses/biomedical-sciences-bsc-hons
2712,Biomedical Sciences MBiol,生物医学科学（MBiol）,bachelor,1,https://www.liverpool.ac.uk/courses/biomedical-sciences-mbiol
2712,Bioveterinary Science BSc (Hons),生物兽医科学（BSc (Hons)）,bachelor,1,https://www.liverpool.ac.uk/courses/bioveterinary-science-bsc-hons
2712,Bioveterinary Science MBiol,生物兽医科学（MBiol）,bachelor,1,https://www.liverpool.ac.uk/courses/bioveterinary-science-mbiol
2712,Business Economics BA (Hons),商业经济学（BA (Hons)）,bachelor,1,https://www.liverpool.ac.uk/courses/business-economics-ba-hons
2712,Business Economics with a Year in Industry BA (Hons),商业经济学（含一年行业实习）（BA (Hons)）,bachelor,1,https://www.liverpool.ac.uk/courses/business-economics-with-a-year-in-industry-ba-hons
2712,Business Management BA (Hons),工商管理（BA (Hons)）,bachelor,1,https://www.liverpool.ac.uk/courses/business-management-ba-hons
2712,Business Management with a Year in Industry BA (Hons),工商管理（含一年行业实习）（BA (Hons)）,bachelor,1,https://www.liverpool.ac.uk/courses/business-management-with-a-year-in-industry-ba-hons
2712,Catalan Combined degree,加泰罗尼亚语（联合学位）,bachelor,1,https://www.liverpool.ac.uk/courses/catalan-combined-degree
2712,Chemical Sciences BSc (Hons) (4 year route including a Foundation Year at Carmel College) BSc (Hons),化学科学（4年制（含Carmel College预科/基础年））（BSc (Hons)）,bachelor,1,https://www.liverpool.ac.uk/courses/chemical-sciences-bsc-hons-4-year-route-including-a-foundation-year-at-carmel-college
2712,Chemistry BSc (Hons),化学（BSc (Hons)）,bachelor,1,https://www.liverpool.ac.uk/courses/chemistry-bsc-hons
2712,Chemistry MChem,化学（MChem）,bachelor,1,https://www.liverpool.ac.uk/courses/chemistry-mchem
2712,Chemistry with Research in Industry MChem,化学（含行业科研）（MChem）,bachelor,1,https://www.liverpool.ac.uk/courses/chemistry-with-research-in-industry-mchem
2712,Chemistry with a Year Abroad BSc (Hons),化学（含一年海外学习）（BSc (Hons)）,bachelor,1,https://www.liverpool.ac.uk/courses/chemistry-with-a-year-abroad-bsc-hons
2712,Chemistry with a Year Abroad MChem,化学（含一年海外学习）（MChem）,bachelor,1,https://www.liverpool.ac.uk/courses/chemistry-with-a-year-abroad-mchem
2712,Chemistry with a Year in Industry BSc (Hons),化学（含一年行业实习）（BSc (Hons)）,bachelor,1,https://www.liverpool.ac.uk/courses/chemistry-with-a-year-in-industry-bsc-hons
2712,Chinese Studies Combined degree,中文研究（联合学位）,bachelor,1,https://www.liverpool.ac.uk/courses/chinese-studies-combined-degree
2712,Civil Engineering BEng (Hons),土木工程（BEng (Hons)）,bachelor,1,https://www.liverpool.ac.uk/courses/civil-engineering-beng-hons
2712,Civil Engineering MEng,土木工程（MEng）,bachelor,1,https://www.liverpool.ac.uk/courses/civil-engineering-meng
2712,Civil Engineering with Year in Industry BEng (Hons),土木工程（含一年行业实习）（BEng (Hons)）,bachelor,1,https://www.liverpool.ac.uk/courses/civil-engineering-with-year-in-industry-beng-hons
2712,Civil Engineering with Year in Industry MEng,土木工程（含一年行业实习）（MEng）,bachelor,1,https://www.liverpool.ac.uk/courses/civil-engineering-with-year-in-industry-meng
2712,Civil and Structural Engineering MEng,土木与结构工程（MEng）,bachelor,1,https://www.liverpool.ac.uk/courses/civil-and-structural-engineering-meng
2712,Classical Studies BA (Hons),古典学（BA (Hons)）,bachelor,1,https://www.liverpool.ac.uk/courses/classical-studies-ba-hons
2712,Classics BA (Hons),古典学（BA (Hons)）,bachelor,1,https://www.liverpool.ac.uk/courses/classics-ba-hons
2712,Climate Science BSc (Hons),气候科学（BSc (Hons)）,bachelor,1,https://www.liverpool.ac.uk/courses/climate-science-bsc-hons
2712,"Communication, Media and Politics BA (Hons)","传播学,传媒与政治学（BA (Hons)）",bachelor,1,https://www.liverpool.ac.uk/courses/communication-media-and-politics-ba-hons
2712,"Communication, Media and Popular Music BA (Hons)",传播、传媒与流行音乐（BA (Hons)）,bachelor,1,https://www.liverpool.ac.uk/courses/communication-media-and-popular-music-ba-hons-2
2712,Communication and Media BA (Hons),传播学与传媒（BA (Hons)）,bachelor,1,https://www.liverpool.ac.uk/courses/communication-and-media-ba-hons
2712,Communication and Media and Game Design Studies BA (Hons),传播与传媒与游戏设计研究（BA (Hons)）,bachelor,1,https://www.liverpool.ac.uk/courses/communication-and-media-with-game-design-studies-ba-hons-2
2712,Communication and Media with a Year in Industry BA (Hons),传播学与传媒（含一年行业实习）（BA (Hons)）,bachelor,1,https://www.liverpool.ac.uk/courses/communication-and-media-with-a-year-in-industry-ba-hons
2712,Computer Science BSc (Hons),计算机科学（BSc (Hons)）,bachelor,1,https://www.liverpool.ac.uk/courses/computer-science-bsc-hons
2712,Computer Science MEng,计算机科学（MEng）,bachelor,1,https://www.liverpool.ac.uk/courses/computer-science-meng
2712,Computer Science (Foundation) (4 year route with Carmel College) BSc (Hons),计算机科学（预科/基础年）（4年制（合作学院：Carmel College））（BSc (Hons)）,bachelor,1,https://www.liverpool.ac.uk/courses/computer-science-bsc-hons-foundation-4-year-route-with-carmel-college
2712,Computer Science and Electronic Engineering BEng (Hons),计算机科学与电子工程（BEng (Hons)）,bachelor,1,https://www.liverpool.ac.uk/courses/computer-science-and-electronic-engineering-beng-hons
2712,Computer Science and Electronic Engineering MEng,计算机科学与电子工程（MEng）,bachelor,1,https://www.liverpool.ac.uk/courses/computer-science-and-electronic-engineering-meng
2712,Computer Science and Electronic Engineering with Year in Industry BEng (Hons),计算机科学与电子工程（含一年行业实习）（BEng (Hons)）,bachelor,1,https://www.liverpool.ac.uk/courses/computer-science-and-electronic-engineering-with-year-in-industry-beng-hons
2712,Computer Science and Electronic Engineering with a Year in Industry MEng,计算机科学与电子工程（含一年行业实习）（MEng）,bachelor,1,https://www.liverpool.ac.uk/courses/computer-science-and-electronic-engineering-with-a-year-in-industry-meng
2712,Computer Science with Software Development BSc (Hons),计算机科学（含软件发展）（BSc (Hons)）,bachelor,1,https://www.liverpool.ac.uk/courses/computer-science-with-software-development-bsc-hons
2712,Computer Science with Software Development with a Year in Industry BSc (Hons),计算机科学（软件发展，含一年行业实习）（BSc (Hons)）,bachelor,1,https://www.liverpool.ac.uk/courses/computer-science-with-software-development-with-a-year-in-industry-bsc-hons
2712,Computer Science with a Year in Industry BSc (Hons),计算机科学（含一年行业实习）（BSc (Hons)）,bachelor,1,https://www.liverpool.ac.uk/courses/computer-science-with-a-year-in-industry-bsc-hons
2712,Computer Science with a Year in Industry MEng,计算机科学（含一年行业实习）（MEng）,bachelor,1,https://www.liverpool.ac.uk/courses/computer-science-with-a-year-in-industry-meng
2712,Computer Science – Algorithms and Optimisation pathway BSc (Hons),计算机科学–算法与优化方向（BSc (Hons)）,bachelor,1,https://www.liverpool.ac.uk/courses/computer-science-bsc-hons-algorithms-and-optimisation-pathway-2
2712,Computer Science – Artificial Intelligence pathway BSc (Hons),计算机科学–人工智能方向（BSc (Hons)）,bachelor,1,https://www.liverpool.ac.uk/courses/computer-science-bsc-hons-artificial-intelligence-pathway-2
2712,Computer Science – Cyber Security pathway BSc (Hons),计算机科学–网络安全方向（BSc (Hons)）,bachelor,1,https://www.liverpool.ac.uk/courses/computer-science-bsc-hons-cyber-security-pathway-2
2712,Computer Science – Data Science pathway BSc (Hons),计算机科学–数据科学方向（BSc (Hons)）,bachelor,1,https://www.liverpool.ac.uk/courses/computer-science-bsc-hons-data-science-pathway-2
2712,Criminology BA (Hons),犯罪学（BA (Hons)）,bachelor,1,https://www.liverpool.ac.uk/courses/criminology-ba-hons
2712,Criminology with Social Policy BA (Hons),犯罪学（含社会政策）（BA (Hons)）,bachelor,1,https://www.liverpool.ac.uk/courses/criminology-with-social-policy-ba-hons
2712,Criminology with Sociology BA (Hons),犯罪学（含社会学）（BA (Hons)）,bachelor,1,https://www.liverpool.ac.uk/courses/criminology-with-sociology-ba-hons
2712,Dental Surgery BDS,口腔医学（BDS）,bachelor,1,https://www.liverpool.ac.uk/courses/dental-surgery-bds
2712,Dental Therapy BSc (Hons),口腔治疗（BSc (Hons)）,bachelor,1,https://www.liverpool.ac.uk/courses/dental-therapy-bsc-hons
2712,Diagnostic Radiography BSc (Hons),医学影像（诊断方向）（BSc (Hons)）,bachelor,1,https://www.liverpool.ac.uk/courses/diagnostic-radiography-bsc-hons
2712,"Earth, Environmental and Marine Sciences (4 year route including a Foundation Year at Carmel College) BSc (Hons)",地球、环境与海洋科学（4年制（含Carmel College预科/基础年））（BSc (Hons)）,bachelor,1,https://www.liverpool.ac.uk/courses/earth-sciences-entry-route-leading-to-bsc-hons-4-year-route-including-a-foundation-year-at-carmel-college
2712,Economics BA (Hons),经济学（BA (Hons)）,bachelor,1,https://www.liverpool.ac.uk/courses/economics-ba
2712,Economics BSc (Hons),经济学（BSc (Hons)）,bachelor,1,https://www.liverpool.ac.uk/courses/economics-bsc-hons
2712,Economics with a Year in Industry BA (Hons),经济学（含一年行业实习）（BA (Hons)）,bachelor,1,https://www.liverpool.ac.uk/courses/economics-with-a-year-in-industry-ba
2712,Economics with a Year in Industry BSc (Hons),经济学（含一年行业实习）（BSc (Hons)）,bachelor,1,https://www.liverpool.ac.uk/courses/economics-with-a-year-in-industry-bsc-hons
2712,Egyptology BA (Hons),埃及学（BA (Hons)）,bachelor,1,https://www.liverpool.ac.uk/courses/egyptology-ba-hons
2712,Electrical and Electronic Engineering BEng (Hons),电气与电子工程（BEng (Hons)）,bachelor,1,https://www.liverpool.ac.uk/courses/electrical-and-electronic-engineering-beng-hons
2712,Electrical and Electronic Engineering MEng,电气与电子工程（MEng）,bachelor,1,https://www.liverpool.ac.uk/courses/electrical-and-electronic-engineering-meng
2712,Electrical and Electronic Engineering with a Year Abroad BEng (Hons),电气与电子工程（含一年海外学习）（BEng (Hons)）,bachelor,1,https://www.liverpool.ac.uk/courses/electrical-and-electronic-engineering-with-a-year-abroad-beng-hons
2712,Electrical and Electronic Engineering with a Year Abroad MEng,电气与电子工程（含一年海外学习）（MEng）,bachelor,1,https://www.liverpool.ac.uk/courses/electrical-and-electronic-engineering-with-a-year-abroad-meng
2712,Electrical and Electronic Engineering with a Year in Industry BEng (Hons),电气与电子工程（含一年行业实习）（BEng (Hons)）,bachelor,1,https://www.liverpool.ac.uk/courses/electrical-and-electronic-engineering-with-a-year-in-industry-beng-hons
2712,Electrical and Electronic Engineering with a Year in Industry MEng,电气与电子工程（含一年行业实习）（MEng）,bachelor,1,https://www.liverpool.ac.uk/courses/electrical-and-electronic-engineering-with-a-year-in-industry-meng
2712,Engineering Foundation (4 year route including a Foundation Year at Carmel College) BEng (Hons),工程预科/基础年（4年制（含Carmel College预科/基础年））（BEng (Hons)）,bachelor,1,https://www.liverpool.ac.uk/courses/engineering-foundation-beng-hons-4-year-route-including-a-foundation-year-at-carmel-college
2712,English BA (Hons),英语（BA (Hons)）,bachelor,1,https://www.liverpool.ac.uk/courses/english-ba-hons
2712,English Language BA (Hons),英语语言学（BA (Hons)）,bachelor,1,https://www.liverpool.ac.uk/courses/english-language-ba-hons
2712,English Literature BA (Hons),英语文学（BA (Hons)）,bachelor,1,https://www.liverpool.ac.uk/courses/english-literature-ba-hons
2712,English Literature with Drama Studies BA (Hons),英语文学（含戏剧研究）（BA (Hons)）,bachelor,1,https://www.liverpool.ac.uk/courses/english-literature-with-drama-studies-ba-hons
2712,English with World Literature BA (Hons),英语（含世界文学）（BA (Hons)）,bachelor,1,https://www.liverpool.ac.uk/courses/english-with-world-literature-ba-hons
2712,Environmental Geoscience BSc (Hons),环境地球科学（BSc (Hons)）,bachelor,1,https://www.liverpool.ac.uk/courses/environmental-geoscience-bsc-hons
2712,Environmental Science BSc (Hons),环境科学（BSc (Hons)）,bachelor,1,https://www.liverpool.ac.uk/courses/environmental-science-bsc-hons
2712,Environment and Planning BA (Hons),环境与规划（BA (Hons)）,bachelor,1,https://www.liverpool.ac.uk/courses/environment-and-planning-ba-hons
2712,Evolutionary Anthropology BSc (Hons),EvolutionaryAnthropology（BSc (Hons)）,bachelor,1,https://www.liverpool.ac.uk/courses/evolutionary-anthropology-bsc-hons
2712,Film Studies BA (Hons),电影研究（BA (Hons)）,bachelor,1,https://www.liverpool.ac.uk/courses/film-studies-ba-hons
2712,Finance and Data Analytics BSc (Hons),金融学与数据分析（BSc (Hons)）,bachelor,1,https://www.liverpool.ac.uk/courses/finance-and-data-analytics-bsc-hons
2712,Finance and Data Analytics with a Year in Industry BSc (Hons),金融学与数据分析（含一年行业实习）（BSc (Hons)）,bachelor,1,https://www.liverpool.ac.uk/courses/finance-and-data-analytics-with-a-year-in-industry-bsc-hons
2712,Financial Computing BSc (Hons),金融计算（BSc (Hons)）,bachelor,1,https://www.liverpool.ac.uk/courses/financial-computing-bsc-hons
2712,Financial Computing with a Year in Industry BSc (Hons),金融计算（含一年行业实习）（BSc (Hons)）,bachelor,1,https://www.liverpool.ac.uk/courses/financial-computing-with-a-year-in-industry-bsc-hons
2712,Foundation to Dental Therapy (Year 0) BSc (Hons),预科/基础年to口腔治疗（BSc (Hons)）,bachelor,1,https://www.liverpool.ac.uk/courses/foundation-to-human-and-animal-health-professions-dental-therapy-year-0
2712,Foundation to Dentistry (Year 0) BDS,预科/基础年to牙医学（BDS）,bachelor,1,https://www.liverpool.ac.uk/courses/foundation-to-human-and-animal-health-professions-dentistry-year-0
2712,Foundation to Diagnostic Radiography (Year 0) BSc (Hons),预科/基础年to医学影像（诊断方向）（BSc (Hons)）,bachelor,1,https://www.liverpool.ac.uk/courses/foundation-to-human-and-animal-health-professions-diagnostic-radiography-year-0
2712,Foundation to Medicine (Year 0) MBChB,预科/基础年to医学（MBChB）,bachelor,1,https://www.liverpool.ac.uk/courses/foundation-to-human-and-animal-health-professions-medicine-year-0
2712,Foundation to Nursing (Year 0) BN (Hons),预科/基础年to护理学（BN (Hons)）,bachelor,1,https://www.liverpool.ac.uk/courses/foundation-to-human-and-animal-health-professions-nursing-year-0
2712,Foundation to Occupational Therapy (Year 0) BSc (Hons),预科/基础年to作业治疗（BSc (Hons)）,bachelor,1,https://www.liverpool.ac.uk/courses/foundation-to-human-and-animal-health-professions-occupational-therapy-year-0
2712,Foundation to Orthoptics (Year 0) BSc (Hons),预科/基础年to视轴矫正（BSc (Hons)）,bachelor,1,https://www.liverpool.ac.uk/courses/foundation-to-human-and-animal-health-professions-orthoptics-year-0
2712,Foundation to Physiotherapy (Year 0) BSc (Hons),预科/基础年to物理治疗（BSc (Hons)）,bachelor,1,https://www.liverpool.ac.uk/courses/foundation-to-human-and-animal-health-professions-physiotherapy-year-0
2712,Foundation to Therapeutic Radiography and Oncology (Year 0) BSc (Hons),预科/基础年to放射治疗与肿瘤学（BSc (Hons)）,bachelor,1,https://www.liverpool.ac.uk/courses/foundation-to-human-and-animal-health-professions-therapeutic-radiography-oncology-year-0
2712,Foundation to Veterinary Science (Year 0) BVSc,预科/基础年to兽医科学（BVSc）,bachelor,1,https://www.liverpool.ac.uk/courses/foundation-to-human-and-animal-health-professions-veterinary-science-year-0
2712,French BA (Hons),法语（BA (Hons)）,bachelor,1,https://www.liverpool.ac.uk/courses/french-ba-hons
2712,Game Design BSc (Hons),游戏设计（BSc (Hons)）,bachelor,1,https://www.liverpool.ac.uk/courses/game-design-bsc-hons
2712,Geography BA (Hons),地理学（BA (Hons)）,bachelor,1,https://www.liverpool.ac.uk/courses/geography-ba-hons
2712,Geography BSc (Hons),地理学（BSc (Hons)）,bachelor,1,https://www.liverpool.ac.uk/courses/geography-bsc-hons
2712,Geography BSc (Hons) (4 year route including a foundation year at Carmel College) BSc (Hons),地理学（4年制（含Carmel College预科/基础年））（BSc (Hons)）,bachelor,1,https://www.liverpool.ac.uk/courses/geography-bsc-hons-4-year-route-including-a-foundation-year-at-carmel-college
2712,Geography and Oceanography BSc (Hons),地理学与海洋学（BSc (Hons)）,bachelor,1,https://www.liverpool.ac.uk/courses/geography-and-oceanography-bsc-hons
2712,Geography and Planning BA (Hons),地理学与规划（BA (Hons)）,bachelor,1,https://www.liverpool.ac.uk/courses/geography-and-planning-ba-hons
2712,Geology BSc (Hons),地质学（BSc (Hons)）,bachelor,1,https://www.liverpool.ac.uk/courses/geology-bsc-hons
2712,Geology with Physical Geography BSc (Hons),地质学（含物理地理学）（BSc (Hons)）,bachelor,1,https://www.liverpool.ac.uk/courses/geology-with-physical-geography-bsc-hons
2712,German BA (Hons),德语（BA (Hons)）,bachelor,1,https://www.liverpool.ac.uk/courses/german-ba-hons
2712,Hispanic Studies BA (Hons),西班牙语与拉美研究（BA (Hons)）,bachelor,1,https://www.liverpool.ac.uk/courses/hispanic-studies-ba-hons
2712,History BA (Hons),历史学（BA (Hons)）,bachelor,1,https://www.liverpool.ac.uk/courses/history-ba-hons
2712,International Management BA (Hons),国际管理学（BA (Hons)）,bachelor,1,https://www.liverpool.ac.uk/courses/international-management-ba-hons
2712,International Management with a Year in Industry BA (Hons),国际管理学（含一年行业实习）（BA (Hons)）,bachelor,1,https://www.liverpool.ac.uk/courses/international-management-with-a-year-in-industry-ba-hons
2712,International Relations BA (Hons),国际关系（BA (Hons)）,bachelor,1,https://www.liverpool.ac.uk/courses/international-relations-ba-hons
2712,Irish Studies BA (Hons),爱尔兰研究（BA (Hons)）,bachelor,1,https://www.liverpool.ac.uk/courses/irish-studies-ba-hons
2712,Italian BA (Hons),意大利语（BA (Hons)）,bachelor,1,https://www.liverpool.ac.uk/courses/italian-ba-hons
2712,Law LLB (Hons),法学（LLB (Hons)）,bachelor,1,https://www.liverpool.ac.uk/courses/law-llb-hons
2712,Law (Graduate Entry) LLB (Hons),法学（研究生入学通道）（LLB (Hons)）,bachelor,1,https://www.liverpool.ac.uk/courses/law-graduate-entry-llb-hons
2712,Law with Business LLB (Hons),法学（含商业）（LLB (Hons)）,bachelor,1,https://www.liverpool.ac.uk/courses/law-with-business-llb-hons
2712,Law with Criminology LLB (Hons),法学（含犯罪学）（LLB (Hons)）,bachelor,1,https://www.liverpool.ac.uk/courses/law-with-criminology-llb-hons
2712,Law with Philosophy LLB (Hons),法学（含哲学）（LLB (Hons)）,bachelor,1,https://www.liverpool.ac.uk/courses/law-with-philosophy-llb-hons
2712,Law with Politics LLB (Hons),法学（含政治学）（LLB (Hons)）,bachelor,1,https://www.liverpool.ac.uk/courses/law-with-politics-llb-hons
2712,Law with a Year Abroad LLB (Hons),法学（含一年海外学习）（LLB (Hons)）,bachelor,1,https://www.liverpool.ac.uk/courses/law-with-a-year-abroad-llb-hons
2712,Marine Biology BSc (Hons),海洋生物学（BSc (Hons)）,bachelor,1,https://www.liverpool.ac.uk/courses/marine-biology-bsc-hons
2712,Marine Biology with Oceanography BSc (Hons),海洋生物学（含海洋学）（BSc (Hons)）,bachelor,1,https://www.liverpool.ac.uk/courses/marine-biology-with-oceanography-bsc-hons
2712,Marketing BA (Hons),市场营销（BA (Hons)）,bachelor,1,https://www.liverpool.ac.uk/courses/marketing-ba-hons
2712,Marketing with a Year in Industry BA (Hons),市场营销（含一年行业实习）（BA (Hons)）,bachelor,1,https://www.liverpool.ac.uk/courses/marketing-with-a-year-in-industry-ba-hons
2712,Master of Architecture MArch,硕士建筑学（MArch）,bachelor,1,https://www.liverpool.ac.uk/courses/master-of-architecture-march
2712,Mathematical Physics MMath,数学物理学（MMath）,bachelor,1,https://www.liverpool.ac.uk/courses/mathematical-physics-mmath
2712,Mathematical Physics with a Year Abroad MMath,数学物理学（含一年海外学习）（MMath）,bachelor,1,https://www.liverpool.ac.uk/courses/mathematical-physics-with-a-year-abroad-mmath
2712,"Mathematical Sciences BSc (Hons) (Foundation, 4 year route with Carmel College) BSc (Hons)",数学科学（4年制（含Carmel College预科/基础年））（BSc (Hons)）,bachelor,1,https://www.liverpool.ac.uk/courses/mathematical-sciences-entry-route-leading-to-bsc-hons-4-year-route-including-a-foundation-year-at-carmel-college
2712,Mathematics BSc (Hons),数学（BSc (Hons)）,bachelor,1,https://www.liverpool.ac.uk/courses/mathematics-bsc-hons
2712,Mathematics MMath,数学（MMath）,bachelor,1,https://www.liverpool.ac.uk/courses/mathematics-mmath
2712,Mathematics and Computer Science BSc (Hons),数学与计算机科学（BSc (Hons)）,bachelor,1,https://www.liverpool.ac.uk/courses/mathematics-and-computer-science-bsc-hons
2712,Mathematics and Computer Science with a Year in Industry BSc (Hons),数学与计算机科学（含一年行业实习）（BSc (Hons)）,bachelor,1,https://www.liverpool.ac.uk/courses/mathematics-and-computer-science-with-a-year-in-industry-bsc-hons
2712,Mathematics and Economics BSc (Hons),数学与经济学（BSc (Hons)）,bachelor,1,https://www.liverpool.ac.uk/courses/mathematics-and-economics-bsc-hons
2712,Mathematics and Music Technology BSc (Hons),数学与音乐科技（BSc (Hons)）,bachelor,1,https://www.liverpool.ac.uk/courses/mathematics-and-music-technology-bsc-hons
2712,Mathematics and Philosophy BA (Hons),数学与哲学（BA (Hons)）,bachelor,1,https://www.liverpool.ac.uk/courses/mathematics-and-philosophy-ba-hons
2712,Mathematics and Statistics BSc (Hons),数学与统计学（BSc (Hons)）,bachelor,1,https://www.liverpool.ac.uk/courses/mathematics-and-statistics-bsc-hons
2712,Mathematics and Statistics with a Year Abroad BSc (Hons),数学与统计学（含一年海外学习）（BSc (Hons)）,bachelor,1,https://www.liverpool.ac.uk/courses/mathematics-and-statistics-with-a-year-abroad-bsc-hons
2712,Mathematics with Finance BSc (Hons),数学（含金融学）（BSc (Hons)）,bachelor,1,https://www.liverpool.ac.uk/courses/mathematics-with-finance-bsc-hons
2712,Mathematics with Finance with a Year Abroad BSc (Hons),数学（金融学，含一年海外学习）（BSc (Hons)）,bachelor,1,https://www.liverpool.ac.uk/courses/mathematics-with-finance-with-a-year-abroad-bsc-hons
2712,Mathematics with Languages BSc (Hons),数学（含语言）（BSc (Hons)）,bachelor,1,https://www.liverpool.ac.uk/courses/mathematics-with-languages-bsc-hons
2712,Mathematics with Ocean and Climate Sciences BSc (Hons),数学（含海洋与气候科学）（BSc (Hons)）,bachelor,1,https://www.liverpool.ac.uk/courses/mathematics-with-ocean-and-climate-sciences-bsc-hons
2712,Mathematics with a Year Abroad BSc (Hons),数学（含一年海外学习）（BSc (Hons)）,bachelor,1,https://www.liverpool.ac.uk/courses/mathematics-with-a-year-abroad-bsc-hons
2712,Mathematics with a Year Abroad MMath,数学（含一年海外学习）（MMath）,bachelor,1,https://www.liverpool.ac.uk/courses/mathematics-with-a-year-abroad-mmath
2712,Mechanical Engineering BEng (Hons),机械工程（BEng (Hons)）,bachelor,1,https://www.liverpool.ac.uk/courses/mechanical-engineering-beng-hons
2712,Mechanical Engineering MEng,机械工程（MEng）,bachelor,1,https://www.liverpool.ac.uk/courses/mechanical-engineering-meng
2712,Mechanical Engineering with a Year in Industry BEng (Hons),机械工程（含一年行业实习）（BEng (Hons)）,bachelor,1,https://www.liverpool.ac.uk/courses/mechanical-engineering-with-a-year-in-industry-beng-hons
2712,Mechanical Engineering with a Year in Industry MEng,机械工程（含一年行业实习）（MEng）,bachelor,1,https://www.liverpool.ac.uk/courses/mechanical-engineering-with-a-year-in-industry-meng
2712,Mechatronics and Robotic Systems BEng (Hons),机电一体化与机器人系统（BEng (Hons)）,bachelor,1,https://www.liverpool.ac.uk/courses/mechatronics-and-robotic-systems-beng-hons
2712,Mechatronics and Robotic Systems MEng,机电一体化与机器人系统（MEng）,bachelor,1,https://www.liverpool.ac.uk/courses/mechatronics-and-robotic-systems-meng
2712,Mechatronics and Robotic Systems with Year in Industry BEng (Hons),机电一体化与机器人系统（含一年行业实习）（BEng (Hons)）,bachelor,1,https://www.liverpool.ac.uk/courses/mechatronics-and-robotic-systems-with-year-in-industry-beng-hons
2712,Mechatronics and Robotic Systems with Year in Industry MEng,机电一体化与机器人系统（含一年行业实习）（MEng）,bachelor,1,https://www.liverpool.ac.uk/courses/mechatronics-and-robotic-systems-with-year-in-industry-meng
2712,Mechatronics and Robotic Systems with a Year Abroad BEng (Hons),机电一体化与机器人系统（含一年海外学习）（BEng (Hons)）,bachelor,1,https://www.liverpool.ac.uk/courses/mechatronics-and-robotic-systems-with-a-year-abroad-beng-hons
2712,Mechatronics and Robotic Systems with a Year Abroad MEng,机电一体化与机器人系统（含一年海外学习）（MEng）,bachelor,1,https://www.liverpool.ac.uk/courses/mechatronics-and-robotic-systems-with-a-year-abroad-meng
2712,"Media, Data and Society BA (Hons)","传媒,数据与社会（BA (Hons)）",bachelor,1,https://www.liverpool.ac.uk/courses/media-data-and-society-ba-hons
2712,Media and Culture BA (Hons),传媒与文化（BA (Hons)）,bachelor,1,https://www.liverpool.ac.uk/courses/media-and-culture-ba-hons
2712,Medicinal Chemistry BSc (Hons),药物化学（BSc (Hons)）,bachelor,1,https://www.liverpool.ac.uk/courses/medicinal-chemistry-bsc-hons
2712,Medicinal Chemistry with Pharmacology MChem,药物化学（含药理学）（MChem）,bachelor,1,https://www.liverpool.ac.uk/courses/medicinal-chemistry-with-pharmacology-mchem
2712,Medicinal Chemistry with Pharmacology with Research in Industry MChem,药物化学（药理学，含行业科研）（MChem）,bachelor,1,https://www.liverpool.ac.uk/courses/medicinal-chemistry-with-pharmacology-with-research-in-industry-mchem
2712,Medicinal Chemistry with Pharmacology with a Year Abroad MChem,药物化学（药理学，含一年海外学习）（MChem）,bachelor,1,https://www.liverpool.ac.uk/courses/medicinal-chemistry-with-pharmacology-with-a-year-abroad-mchem
2712,Medicinal Chemistry with a Year Abroad BSc (Hons),药物化学（含一年海外学习）（BSc (Hons)）,bachelor,1,https://www.liverpool.ac.uk/courses/medicinal-chemistry-with-a-year-abroad-bsc-hons
2712,Medicinal Chemistry with a Year in Industry BSc (Hons),药物化学（含一年行业实习）（BSc (Hons)）,bachelor,1,https://www.liverpool.ac.uk/courses/medicinal-chemistry-with-a-year-in-industry-bsc-hons
2712,Medicine and Surgery MBChB,医学与外科（MBChB）,bachelor,1,https://www.liverpool.ac.uk/courses/medicine-and-surgery-mbchb
2712,Medicine and Surgery (Graduate Entry) MBChB,医学与外科（研究生入学通道）（MBChB）,bachelor,1,https://www.liverpool.ac.uk/courses/medicine-and-surgery-graduate-entry-mbchb
2712,Microbiology and Infection BSc (Hons),微生物学与感染（BSc (Hons)）,bachelor,1,https://www.liverpool.ac.uk/courses/microbiology-and-infection-bsc-hons
2712,Microbiology and Infection MBiol,微生物学与感染（MBiol）,bachelor,1,https://www.liverpool.ac.uk/courses/microbiology-and-infection-mbiol
2712,Modern Languages (Triple Subject) BA (Hons),现代语言（三学科联合）（BA (Hons)）,bachelor,1,https://www.liverpool.ac.uk/courses/modern-languages-triple-subject-ba-hons
2712,Music BA (Hons),音乐（BA (Hons)）,bachelor,1,https://www.liverpool.ac.uk/courses/music-ba-hons
2712,Music and Popular Music BA (Hons),音乐与流行音乐（BA (Hons)）,bachelor,1,https://www.liverpool.ac.uk/courses/music-and-popular-music-ba-hons
2712,Music and Technology BA (Hons),音乐与科技（BA (Hons)）,bachelor,1,https://www.liverpool.ac.uk/courses/music-and-technology-ba-hons
2712,Nursing BN (Hons),护理学（BN (Hons)）,bachelor,1,https://www.liverpool.ac.uk/courses/nursing-bn-hons
2712,Occupational Therapy BSc (Hons),作业治疗（BSc (Hons)）,bachelor,1,https://www.liverpool.ac.uk/courses/occupational-therapy-bsc-hons
2712,Ocean Sciences BSc (Hons),海洋科学（BSc (Hons)）,bachelor,1,https://www.liverpool.ac.uk/courses/ocean-sciences-bsc-hons
2712,Orthoptics BSc (Hons),视轴矫正（BSc (Hons)）,bachelor,1,https://www.liverpool.ac.uk/courses/orthoptics-bsc-hons
2712,Pharmacology BSc (Hons),药理学（BSc (Hons)）,bachelor,1,https://www.liverpool.ac.uk/courses/pharmacology-bsc-hons
2712,Pharmacology MBiol,药理学（MBiol）,bachelor,1,https://www.liverpool.ac.uk/courses/pharmacology-mbiol
2712,Pharmacy MPharm,药学（MPharm）,bachelor,1,https://www.liverpool.ac.uk/courses/pharmacy-mpharm
2712,Philosophy BA (Hons),哲学（BA (Hons)）,bachelor,1,https://www.liverpool.ac.uk/courses/philosophy-ba-hons
2712,"Philosophy, Politics and Economics BA (Hons)","哲学,政治学与经济学（BA (Hons)）",bachelor,1,https://www.liverpool.ac.uk/courses/philosophy-politics-and-economics-ba-hons
2712,"Philosophy, Politics and Economics with a Year in Industry BA (Hons)","哲学,政治学与经济学（含一年行业实习）（BA (Hons)）",bachelor,1,https://www.liverpool.ac.uk/courses/philosophy-politics-and-economics-with-a-year-in-industry-ba-hons
2712,Philosophy and Politics BA (Hons),哲学与政治学（BA (Hons)）,bachelor,1,https://www.liverpool.ac.uk/courses/philosophy-and-politics-ba-hons
2712,Physical Sciences (4 year route including a Foundation Year at Carmel College) BSc (Hons),物理科学（4年制（含Carmel College预科/基础年））（BSc (Hons)）,bachelor,1,https://www.liverpool.ac.uk/courses/physical-sciences-entry-route-leading-to-bsc-hons-4-year-route-including-a-foundation-year-at-carmel-college
2712,Physics BSc (Hons),物理学（BSc (Hons)）,bachelor,1,https://www.liverpool.ac.uk/courses/physics-bsc-hons
2712,Physics MPhys,物理学（MPhys）,bachelor,1,https://www.liverpool.ac.uk/courses/physics-mphys
2712,Physics and Mathematics BSc (Hons),物理学与数学（BSc (Hons)）,bachelor,1,https://www.liverpool.ac.uk/courses/physics-and-mathematics-bsc-hons
2712,Physics and Mathematics with a Year Abroad BSc (Hons),物理学与数学（含一年海外学习）（BSc (Hons)）,bachelor,1,https://www.liverpool.ac.uk/courses/physics-and-mathematics-with-a-year-abroad-bsc-hons
2712,Physics with Astronomy BSc (Hons),物理学（含天文学）（BSc (Hons)）,bachelor,1,https://www.liverpool.ac.uk/courses/physics-with-astronomy-bsc-hons
2712,Physics with Astronomy with a Year Abroad BSc (Hons),物理学（天文学，含一年海外学习）（BSc (Hons)）,bachelor,1,https://www.liverpool.ac.uk/courses/physics-with-astronomy-with-a-year-abroad-bsc-hons
2712,Physics with Geophysics BSc (Hons),物理学（含地球物理学）（BSc (Hons)）,bachelor,1,https://www.liverpool.ac.uk/courses/physics-with-geophysics-bsc-hons
2712,Physics with Medical Applications BSc (Hons),物理学（含医学应用）（BSc (Hons)）,bachelor,1,https://www.liverpool.ac.uk/courses/physics-with-medical-applications-bsc-hons
2712,Physics with Medical Applications with a Year Abroad BSc (Hons),物理学（医学应用，含一年海外学习）（BSc (Hons)）,bachelor,1,https://www.liverpool.ac.uk/courses/physics-with-medical-applications-with-a-year-abroad-bsc-hons
2712,Physics with Nuclear Science BSc (Hons),物理学（含核科学）（BSc (Hons)）,bachelor,1,https://www.liverpool.ac.uk/courses/physics-with-nuclear-science-bsc-hons
2712,Physics with Nuclear Science with a Year Abroad BSc (Hons),物理学（核科学，含一年海外学习）（BSc (Hons)）,bachelor,1,https://www.liverpool.ac.uk/courses/physics-with-nuclear-science-with-a-year-abroad-bsc-hons
2712,Physics with a Year Abroad BSc (Hons),物理学（含一年海外学习）（BSc (Hons)）,bachelor,1,https://www.liverpool.ac.uk/courses/physics-with-a-year-abroad-bsc-hons
2712,Physics with a Year Abroad MPhys,物理学（含一年海外学习）（MPhys）,bachelor,1,https://www.liverpool.ac.uk/courses/physics-with-a-year-abroad-mphys
2712,Physiotherapy BSc (Hons),物理治疗（BSc (Hons)）,bachelor,1,https://www.liverpool.ac.uk/courses/physiotherapy-bsc-hons
2712,Politics BA (Hons),政治学（BA (Hons)）,bachelor,1,https://www.liverpool.ac.uk/courses/politics-ba-hons
2712,Popular Music BA (Hons),流行音乐（BA (Hons)）,bachelor,1,https://www.liverpool.ac.uk/courses/popular-music-ba-hons
2712,Portuguese Combined degree,葡萄牙语（联合学位）,bachelor,1,https://www.liverpool.ac.uk/courses/portuguese-combined-degree
2712,Preparation for Pharmacy MPharm,预备/衔接药学（MPharm）,bachelor,1,https://www.liverpool.ac.uk/courses/preparation-for-pharmacy-mpharm
2712,Product Design Engineering BEng (Hons),产品设计工程（BEng (Hons)）,bachelor,1,https://www.liverpool.ac.uk/courses/product-design-engineering-beng
2712,Product Design Engineering MEng,产品设计工程（MEng）,bachelor,1,https://www.liverpool.ac.uk/courses/product-design-engineering-meng
2712,Product Design Engineering with a Year in Industry BEng (Hons),产品设计工程（含一年行业实习）（BEng (Hons)）,bachelor,1,https://www.liverpool.ac.uk/courses/product-design-engineering-with-year-in-industry-beng-hons
2712,Product Design Engineering with a Year in Industry MEng,产品设计工程（含一年行业实习）（MEng）,bachelor,1,https://www.liverpool.ac.uk/courses/product-design-engineering-with-a-year-in-industry-meng
2712,Psychology BSc (Hons),心理学（BSc (Hons)）,bachelor,1,https://www.liverpool.ac.uk/courses/psychology-bsc-hons
2712,Psychology BSc (Hons) (2+2 programme with Foundation Element) BSc (Hons),心理学（2+2项目（含预科/基础年））（BSc (Hons)）,bachelor,1,https://www.liverpool.ac.uk/courses/psychology-bsc-hons-22-programme-with-foundation-element
2712,Screen Industries and Entertainment BA (Hons),影视产业与娱乐产业（BA (Hons)）,bachelor,1,https://www.liverpool.ac.uk/courses/screen-industries-and-entertainment-ba-hons
2712,Social Policy Combined degree,社会政策（联合学位）,bachelor,1,https://www.liverpool.ac.uk/courses/social-policy-combined-degree
2712,Sociology BA (Hons),社会学（BA (Hons)）,bachelor,1,https://www.liverpool.ac.uk/courses/sociology-ba-hons
2712,Sociology with Criminology BA (Hons),社会学（含犯罪学）（BA (Hons)）,bachelor,1,https://www.liverpool.ac.uk/courses/sociology-with-criminology-ba-hons
2712,Sociology with Social Policy BA (Hons),社会学（含社会政策）（BA (Hons)）,bachelor,1,https://www.liverpool.ac.uk/courses/sociology-with-social-policy-ba-hons
2712,Spanish Combined degree,西班牙语（联合学位）,bachelor,1,https://www.liverpool.ac.uk/courses/spanish-combined-degree
2712,Theoretical Physics MPhys,理论物理学（MPhys）,bachelor,1,https://www.liverpool.ac.uk/courses/theoretical-physics-mphys
2712,Theoretical Physics with a Year Abroad MPhys,理论物理学（含一年海外学习）（MPhys）,bachelor,1,https://www.liverpool.ac.uk/courses/theoretical-physics-with-a-year-abroad-mphys
2712,Therapeutic Radiography and Oncology BSc (Hons),放射治疗与肿瘤学（BSc (Hons)）,bachelor,1,https://www.liverpool.ac.uk/courses/therapeutic-radiography-and-oncology-bsc-hons
2712,Town and Regional Planning MPlan,城市与区域规划（MPlan）,bachelor,1,https://www.liverpool.ac.uk/courses/town-and-regional-planning-mplan
2712,Urban Planning BA (Hons),城市规划（BA (Hons)）,bachelor,1,https://www.liverpool.ac.uk/courses/urban-planning-ba-hons
2712,Veterinary Science BVSc,兽医科学（BVSc）,bachelor,1,https://www.liverpool.ac.uk/courses/veterinary-science-bvsc
2712,Zoology BSc (Hons),动物学（BSc (Hons)）,bachelor,1,https://www.liverpool.ac.uk/courses/zoology-bsc-hons
2712,Zoology MBiol,动物学（MBiol）,bachelor,1,https://www.liverpool.ac.uk/courses/zoology-mbiol
2712,AI for Digital Business MSc,AI数字商业（MSc）,master,1,https://www.liverpool.ac.uk/courses/ai-for-digital-business
2712,Academic Practice MA AP,AcademicPractice（AP）,master,1,https://www.liverpool.ac.uk/courses/academic-practice-ma-ap-online
2712,Accounting and Finance MRes,会计与金融（MRes）,master,1,https://www.liverpool.ac.uk/courses/accounting-and-finance-mres
2712,Accounting and Finance MSc,会计与金融（MSc）,master,1,https://www.liverpool.ac.uk/courses/accounting-and-finance-msc
2712,Adult Nursing with Registered Nurse Status MSc,Adult护理学（含RegisteredNurseStatus）（MSc）,master,1,https://www.liverpool.ac.uk/courses/adult-nursing-with-registered-nurse-status
2712,Advanced Aerospace Engineering MSc (Eng),高级航空航天工程（MSc (Eng)）,master,1,https://www.liverpool.ac.uk/courses/advanced-aerospace-engineering-msc-eng
2712,Advanced Architecture MA,高级建筑学（MA）,master,1,https://www.liverpool.ac.uk/courses/architecture-ma
2712,Advanced Architecture (BIM-Enhanced Design) MA,高级建筑学（BIM增强设计）（MA）,master,1,https://www.liverpool.ac.uk/courses/advanced-architecture-bim-enhanced-design-ma
2712,Advanced Architecture (Biodigital Design) MA,高级建筑学（生物数字化设计）（MA）,master,1,https://www.liverpool.ac.uk/courses/advanced-architecture-biodigital-design-ma
2712,Advanced Architecture (Computational Design and AI) MA,高级建筑学（计算设计与AI）（MA）,master,1,https://www.liverpool.ac.uk/courses/advanced-architecture-computational-design-and-ai-ma
2712,Advanced Architecture (Design and Digital Heritage) MA,高级建筑学（设计与数字遗产）（MA）,master,1,https://www.liverpool.ac.uk/courses/advanced-architecture-design-and-digital-heritage-ma
2712,Advanced Computer Science MSc,高级计算机科学（MSc）,master,1,https://www.liverpool.ac.uk/courses/advanced-computer-science-msc
2712,Advanced Computer Science with a Year in Industry MSc,高级计算机科学（含一年行业实习）（MSc）,master,1,https://www.liverpool.ac.uk/courses/advanced-computer-science-with-a-year-in-industry-msc
2712,Advanced Data Science and Artificial Intelligence MSc,高级数据科学与人工智能（MSc）,master,1,https://www.liverpool.ac.uk/courses/advanced-data-science-and-artificial-intelligence-msc
2712,Advanced Data Science and Artificial Intelligence with a Year in Industry MSc,高级数据科学与人工智能（含一年行业实习）（MSc）,master,1,https://www.liverpool.ac.uk/courses/advanced-data-science-and-artificial-intelligence-with-a-year-in-industry-msc
2712,Advanced Manufacturing Systems and Technology MSc (Eng),高级Manufacturing系统与科技（MSc (Eng)）,master,1,https://www.liverpool.ac.uk/courses/advanced-manufacturing-systems-and-technology-msc-eng
2712,Advanced Marketing MSc,高级市场营销（MSc）,master,1,https://www.liverpool.ac.uk/courses/advanced-marketing-msc
2712,Advanced Mechanical Engineering MSc (Eng),高级机械工程（MSc (Eng)）,master,1,https://www.liverpool.ac.uk/courses/advanced-mechanical-engineering-msc-eng
2712,Advanced Practice in Healthcare MSc,高级Practice医疗健康（MSc）,master,1,https://www.liverpool.ac.uk/courses/advanced-practice-in-healthcare-msc
2712,Applied Linguistics and Teaching English to Speakers of Other Languages MA,应用语言学与对外英语教学（TESOL）（MA）,master,1,https://www.liverpool.ac.uk/courses/applied-linguistics-and-teaching-english-to-speakers-of-other-languages-ma
2712,Applied Statistics and Data Science MSc,应用统计学与数据科学（MSc）,master,1,https://www.liverpool.ac.uk/courses/applied-statistics-and-data-science-msc
2712,Archaeology MA,考古学（MA）,master,1,https://www.liverpool.ac.uk/courses/archaeology-ma
2712,Archaeology MRes,考古学（MRes）,master,1,https://www.liverpool.ac.uk/courses/archaeology-mres
2712,Archaeology MSc,考古学（MSc）,master,1,https://www.liverpool.ac.uk/courses/archaeology-msc
2712,Archives MRes,档案（MRes）,master,1,https://www.liverpool.ac.uk/courses/archives-mres
2712,Archives and Records Management MARM,档案与档案与记录管理学（MARM）,master,1,https://www.liverpool.ac.uk/courses/archives-and-records-management-marm
2712,Archives and Records Management D/CPS,档案与档案与记录管理学D/（CPS）,master,1,https://www.liverpool.ac.uk/courses/archives-and-records-management-d-cps-online
2712,Archives and Records Management (Digital Pathway) MARM,档案与档案与记录管理学（数字化方向）（MARM）,master,1,https://www.liverpool.ac.uk/courses/archives-and-records-management-digital-pathway-marm
2712,Archives and Records Management (International Pathway) MARMI,档案与档案与记录管理学（国际方向）（MARMI）,master,1,https://www.liverpool.ac.uk/courses/archives-and-records-management-international-pathway-marmi
2712,"Art, Philosophy and Cultural Institutions MA","Art,哲学与文化Institutions（MA）",master,1,https://www.liverpool.ac.uk/courses/art-philosophy-and-cultural-institutions-ma
2712,Artificial Intelligence MSc,人工智能（MSc）,master,1,https://www.liverpool.ac.uk/courses/artificial-intelligence-msc-online
2712,Basque Studies - Modern Languages and Cultures MRes,Basque研究-现代语言与文化（MRes）,master,1,https://www.liverpool.ac.uk/courses/basque-studies-modern-languages-and-cultures-mres
2712,Big Data Analytics MSc,大数据数据分析（MSc）,master,1,https://www.liverpool.ac.uk/courses/big-data-analytics-msc-online
2712,Bioinformatics MSc,Bioinformatics（MSc）,master,1,https://www.liverpool.ac.uk/courses/bioinformatics-msc
2712,Biological and Biomedical Sciences MRes,生物与生物医学科学（MRes）,master,1,https://www.liverpool.ac.uk/courses/biological-and-biomedical-sciences-mres
2712,Biomedical Engineering MSc (Eng),生物医学工程（MSc (Eng)）,master,1,https://www.liverpool.ac.uk/courses/biomedical-engineering-msc-eng
2712,Biomedical Engineering (Healthcare) MSc (Eng),生物医学工程（医疗方向）（MSc (Eng)）,master,1,https://www.liverpool.ac.uk/courses/biomedical-engineering-healthcare-msc-eng
2712,Biomedical Engineering with Management MSc (Eng),生物医学工程（含管理方向）（MSc (Eng)）,master,1,https://www.liverpool.ac.uk/courses/biomedical-engineering-with-management-msc-eng
2712,Biomedical Engineering with Management (Healthcare) MSc (Eng),生物医学工程（含管理方向）（医疗方向）（MSc (Eng)）,master,1,https://www.liverpool.ac.uk/courses/biomedical-engineering-with-management-healthcare-msc-eng
2712,Biotechnology MSc,Biotechnology（MSc）,master,1,https://www.liverpool.ac.uk/courses/biotechnology-msc
2712,Bovine Reproduction MBR,BovineReproductionMBR,master,1,https://www.liverpool.ac.uk/courses/bovine-reproduction-dbr
2712,Building Information Modelling and Digital Transformation MSc,Building信息Modelling与数字Transformation（MSc）,master,1,https://www.liverpool.ac.uk/courses/building-information-modelling-and-digital-transformation-msc
2712,Business Administration (Football Industries) PGCert,商业行政管理（足球产业）（PGCert）,master,1,https://www.liverpool.ac.uk/courses/business-administration-football-industries-pgcert
2712,Business Analytics and Big Data MSc,商业分析与大数据数据（MSc）,master,1,https://www.liverpool.ac.uk/courses/business-analytics-and-big-data-msc
2712,Business Psychology and Strategic People Management MSc,商业心理学与StrategicPeople管理学（MSc）,master,1,https://www.liverpool.ac.uk/courses/business-psychology-and-strategic-people-management-msc
2712,Cancer Biology and Therapy MSc,肿瘤生物学与治疗（MSc）,master,1,https://www.liverpool.ac.uk/courses/cancer-biology-and-therapy-msc
2712,Catalan Studies - Modern Languages and Cultures MRes,加泰罗尼亚语研究-现代语言与文化（MRes）,master,1,https://www.liverpool.ac.uk/courses/catalan-studies-modern-languages-and-cultures-mres
2712,Certificate in Advanced Veterinary Practice CertAVP,Certificate高级兽医PracticeCertAVP,master,1,https://www.liverpool.ac.uk/courses/certificate-in-advanced-veterinary-practice-certavp
2712,Chemistry for Sustainable Energy with AI MSc,化学可持续能源（含AI）（MSc）,master,1,https://www.liverpool.ac.uk/courses/chemistry-for-sustainable-energy-with-ai-msc
2712,Chemistry with AI MSc,化学（含AI）（MSc）,master,1,https://www.liverpool.ac.uk/courses/chemistry-with-ai-msc
2712,Chinese-English Translation and Interpreting MA,中文-英语翻译与Interpreting（MA）,master,1,https://www.liverpool.ac.uk/courses/chinese-english-translation-and-interpreting-ma
2712,Chinese Studies - Modern Languages and Cultures MRes,中文研究-现代语言与文化（MRes）,master,1,https://www.liverpool.ac.uk/courses/chinese-studies-modern-languages-and-cultures-mres
2712,Classics and Ancient History MA,古典学与古代史（MA）,master,1,https://www.liverpool.ac.uk/courses/classics-and-ancient-history-ma
2712,Classics and Ancient History MRes,古典学与古代史（MRes）,master,1,https://www.liverpool.ac.uk/courses/classics-and-ancient-history-mres
2712,Climate Resilience and Environmental Sustainability in Architecture MSc,气候Resilience与环境可持续发展建筑学（MSc）,master,1,https://www.liverpool.ac.uk/courses/climate-resilience-and-environmental-sustainability-in-architecture-msc
2712,Clinical Anatomy with Education PGCert,临床解剖学（含教育学）（PGCert）,master,1,https://www.liverpool.ac.uk/courses/clinical-anatomy-with-education-pgcert
2712,Clinical Education PGCert,临床教育学（PGCert）,master,1,https://www.liverpool.ac.uk/courses/clinical-education-pgcert
2712,Clinical Sciences MRes,临床科学（MRes）,master,1,https://www.liverpool.ac.uk/courses/clinical-sciences-mres
2712,Clinical Sciences MSc,临床科学（MSc）,master,1,https://www.liverpool.ac.uk/courses/clinical-sciences-msc
2712,Clinical and Health Psychology MSc,临床与健康心理学（MSc）,master,1,https://www.liverpool.ac.uk/courses/clinical-and-health-psychology-msc
2712,Communication and Media MRes,传播学与传媒（MRes）,master,1,https://www.liverpool.ac.uk/courses/communication-and-media-mres
2712,"Composition for Film, TV and Games MA","Composition电影,TV与Games（MA）",master,1,https://www.liverpool.ac.uk/courses/music-and-audiovisual-media-ma
2712,Computer Science MSc,计算机科学（MSc）,master,1,https://www.liverpool.ac.uk/courses/computer-science-msc
2712,Computer Science MSc,计算机科学（MSc）,master,1,https://www.liverpool.ac.uk/courses/computer-science-msc-online
2712,Computer Science with a Year in Industry MSc,计算机科学（含一年行业实习）（MSc）,master,1,https://www.liverpool.ac.uk/courses/computer-science-with-year-in-industry-msc
2712,Creative and Critical Writing MA,Creative与危重Writing（MA）,master,1,https://www.liverpool.ac.uk/courses/creative-and-critical-writing-ma
2712,Criminological Research MRes,Criminological研究（MRes）,master,1,https://www.liverpool.ac.uk/courses/criminological-research-mres
2712,Criminology and Criminal Justice MA,犯罪学与CriminalJustice（MA）,master,1,https://www.liverpool.ac.uk/courses/criminology-and-criminal-justice-ma
2712,Critical Care PGCert,危重护理（PGCert）,master,1,https://www.liverpool.ac.uk/courses/critical-care-pgcert
2712,Cyber Security MSc,网络安全（MSc）,master,1,https://www.liverpool.ac.uk/courses/cyber-security-msc
2712,Cyber Security MSc,网络安全（MSc）,master,1,https://www.liverpool.ac.uk/courses/cyber-security-msc-online
2712,Data Science and Analytics for Health MSc,数据科学与分析健康（MSc）,master,1,https://www.liverpool.ac.uk/courses/health-data-science-msc
2712,Data Science and Analytics for Society MSc,数据科学与分析社会（MSc）,master,1,https://www.liverpool.ac.uk/courses/data-science-and-analytics-for-society-msc
2712,Data Science and Artificial Intelligence MSc,数据科学与人工智能（MSc）,master,1,https://www.liverpool.ac.uk/courses/data-science-and-artificial-intelligence-msc
2712,Data Science and Artificial Intelligence MSc,数据科学与人工智能（MSc）,master,1,https://www.liverpool.ac.uk/courses/data-science-and-artificial-intelligence-msc-online
2712,Data Science and Artificial Intelligence with a Year in Industry MSc,数据科学与人工智能（含一年行业实习）（MSc）,master,1,https://www.liverpool.ac.uk/courses/data-science-and-artificial-intelligence-with-a-year-in-industry-msc
2712,Data Science and Communication MSc,数据科学与传播学（MSc）,master,1,https://www.liverpool.ac.uk/courses/data-science-and-communication-msc
2712,Data Science for Economics MSc,数据科学经济学（MSc）,master,1,https://www.liverpool.ac.uk/courses/data-science-for-economics-msc
2712,Data Science for Health MRes,数据科学健康（MRes）,master,1,https://www.liverpool.ac.uk/courses/data-science-for-health-mres
2712,Data Science for Health (Conversion) MSc,数据科学健康（转专业）（MSc）,master,1,https://www.liverpool.ac.uk/courses/data-science-for-health-conversion-msc
2712,Diagnostic Radiography (Pre-registration) MSc,医学影像（诊断方向）（预注册）（MSc）,master,1,https://www.liverpool.ac.uk/courses/diagnostic-radiography-pre-registration-msc
2712,"Digital Chemistry: AI, Machine Learning, Automation and Robotics MSc","数字化学:AI,MachineLearning,Automation与机器人（MSc）",master,1,https://www.liverpool.ac.uk/courses/digital-chemistry-msc
2712,Digital Marketing MSc,数字市场营销（MSc）,master,1,https://www.liverpool.ac.uk/courses/digital-marketing-msc-online
2712,Digital Marketing and Analytics MSc,数字市场营销与分析（MSc）,master,1,https://www.liverpool.ac.uk/courses/digital-marketing-and-analytics-msc
2712,"Digital Media, Data and Society MA","数字传媒,数据与社会（MA）",master,1,https://www.liverpool.ac.uk/courses/digital-media-data-and-society-ma
2712,Doctor of Clinical Psychology DClinPsychol,Doctor临床心理学DClinPsychol,master,1,https://www.liverpool.ac.uk/courses/doctor-of-clinical-psychology-dclinpsychol
2712,Drug Discovery with Artificial Intelligence MSc,DrugDiscovery（含人工智能）（MSc）,master,1,https://www.liverpool.ac.uk/courses/drug-discovery-with-artificial-intelligence-msc
2712,Economic Policy and Data Analytics MSc,Economic政策与数据分析（MSc）,master,1,https://www.liverpool.ac.uk/courses/economic-policy-and-data-analytics-msc
2712,Economics MRes,经济学（MRes）,master,1,https://www.liverpool.ac.uk/courses/economics-mres
2712,Economics MSc,经济学（MSc）,master,1,https://www.liverpool.ac.uk/courses/economics-msc
2712,Economics and Finance MSc,经济学与金融学（MSc）,master,1,https://www.liverpool.ac.uk/courses/economics-and-finance-msc
2712,Education MA,教育学（MA）,master,1,https://www.liverpool.ac.uk/courses/education-ma
2712,Egyptology MA,埃及学（MA）,master,1,https://www.liverpool.ac.uk/courses/egyptology-ma
2712,Egyptology MRes,埃及学（MRes）,master,1,https://www.liverpool.ac.uk/courses/egyptology-mres
2712,Electronic Engineering and the Internet of Things MSc (Eng),电子工程与物联网（MSc (Eng)）,master,1,https://www.liverpool.ac.uk/courses/electronic-engineering-and-the-internet-of-things-msc-eng
2712,Electronic Engineering and the Internet of Things with a Year in Industry MSc (Eng),电子工程与物联网（含一年行业实习）（MSc (Eng)）,master,1,https://www.liverpool.ac.uk/courses/electronic-engineering-and-the-internet-of-things-with-a-year-in-industry-msc-eng
2712,Emerging Infections and Pandemics MSc,EmergingInfections与Pandemics（MSc）,master,1,https://www.liverpool.ac.uk/courses/emerging-infections-and-pandemics
2712,Endodontics DDSc,牙髓病学（DDSc）,master,1,https://www.liverpool.ac.uk/courses/endodontics-ddsc
2712,Energy and Power Systems MSc (Eng),能源与电力系统（MSc (Eng)）,master,1,https://www.liverpool.ac.uk/courses/energy-and-power-systems-msc-eng
2712,Energy and Power Systems with a Year in Industry MSc (Eng),能源与电力系统（含一年行业实习）（MSc (Eng)）,master,1,https://www.liverpool.ac.uk/courses/energy-and-power-systems-with-a-year-in-industry-msc-eng
2712,English MRes,英语（MRes）,master,1,https://www.liverpool.ac.uk/courses/english-mres
2712,English Language MA,英语语言学（MA）,master,1,https://www.liverpool.ac.uk/courses/english-language-ma
2712,English Literature MA,英语文学（MA）,master,1,https://www.liverpool.ac.uk/courses/english-literature-ma
2712,English Literature: Modern and Contemporary Literature MA,英语文学:现代与Contemporary文学（MA）,master,1,https://www.liverpool.ac.uk/courses/english-literature-modern-and-contemporary-literature-ma
2712,English Literature: Renaissance and Eighteenth-Century Literature MA,英语文学:Renaissance与Eighteenth-Century文学（MA）,master,1,https://www.liverpool.ac.uk/courses/english-literature-renaissance-and-eighteenth-century-literature-ma
2712,English Literature: Science Fiction Studies MA,英语文学:科学Fiction研究（MA）,master,1,https://www.liverpool.ac.uk/courses/english-literature-science-fiction-studies-ma
2712,English Literature: Victorian Literature MA,英语文学:Victorian文学（MA）,master,1,https://www.liverpool.ac.uk/courses/english-literature-victorian-literature-ma
2712,Entrepreneurship and Innovation MSc,Entrepreneurship与创新（MSc）,master,1,https://www.liverpool.ac.uk/courses/entrepreneurship-and-innovation-management-msc
2712,Environmental Assessment and Management MSc,环境Assessment与管理学（MSc）,master,1,https://www.liverpool.ac.uk/courses/environmental-assessment-and-management-msc
2712,Environmental Sciences MSc,环境科学（MSc）,master,1,https://www.liverpool.ac.uk/courses/environmental-sciences-msc
2712,Environment and Climate Change MSc,Environment与气候变革（MSc）,master,1,https://www.liverpool.ac.uk/courses/environment-and-climate-change-msc
2712,Film Studies MA,电影研究（MA）,master,1,https://www.liverpool.ac.uk/courses/film-studies-ma
2712,Film Studies - Modern Languages and Cultures MRes,电影研究-现代语言与文化（MRes）,master,1,https://www.liverpool.ac.uk/courses/film-studies-modern-languages-and-cultures-mres
2712,Finance MSc,金融学（MSc）,master,1,https://www.liverpool.ac.uk/courses/finance-msc
2712,Finance and Investment Management MSc,金融学与投资管理学（MSc）,master,1,https://www.liverpool.ac.uk/courses/finance-and-investment-management-msc
2712,Finance and Investment Management MSc,金融学与投资管理学（MSc）,master,1,https://www.liverpool.ac.uk/courses/finance-and-investment-management-msc-online
2712,Financial Technology MSc,金融科技（MSc）,master,1,https://www.liverpool.ac.uk/courses/financial-technology-msc
2712,French Studies - Modern Languages and Cultures MRes,法语研究-现代语言与文化（MRes）,master,1,https://www.liverpool.ac.uk/courses/french-studies-modern-languages-and-cultures-mres
2712,Game Design MA,游戏设计（MA）,master,1,https://www.liverpool.ac.uk/courses/game-design-ma
2712,Geographic Data Science MSc,Geographic数据科学（MSc）,master,1,https://www.liverpool.ac.uk/courses/geographic-data-science-msc
2712,German Studies - Modern Languages and Cultures MRes,德语研究-现代语言与文化（MRes）,master,1,https://www.liverpool.ac.uk/courses/german-studies-modern-languages-and-cultures-mres
2712,Global Change Ecology and Evolution MSc,全球变革Ecology与进化（MSc）,master,1,https://www.liverpool.ac.uk/courses/global-change-ecology-and-evolution-msc
2712,Global Healthcare Ethics MSc,全球医疗健康Ethics（MSc）,master,1,https://www.liverpool.ac.uk/courses/global-healthcare-ethics-msc
2712,Global Healthcare Management MSc,全球医疗健康管理学（MSc）,master,1,https://www.liverpool.ac.uk/courses/global-healthcare-management-msc
2712,Global Housing Design MSc,全球住宅设计（MSc）,master,1,https://www.liverpool.ac.uk/courses/global-housing-design-msc
2712,Global Media and Politics MA,全球传媒与政治学（MA）,master,1,https://www.liverpool.ac.uk/courses/media-and-politics-ma
2712,Global Urbanism and Heritage MSc,全球Urbanism与遗产（MSc）,master,1,https://www.liverpool.ac.uk/courses/global-urbanism-and-heritage-msc
2712,Green Finance and Sustainability Accounting MSc,Green金融学与可持续发展会计学（MSc）,master,1,https://www.liverpool.ac.uk/courses/green-finance-and-sustainability-accounting-msc
2712,"Health, Cultures and Societies MA","健康,文化与Societies（MA）",master,1,https://www.liverpool.ac.uk/courses/health-cultures-and-societies-ma
2712,Healthcare Leadership MSc,医疗健康Leadership（MSc）,master,1,https://www.liverpool.ac.uk/courses/healthcare-leadership-msc-online
2712,Hispanic Studies - Modern Languages and Cultures MRes,西班牙语与拉美研究-现代语言与文化（MRes）,master,1,https://www.liverpool.ac.uk/courses/hispanic-studies-modern-languages-and-cultures-mres
2712,History MA,历史学（MA）,master,1,https://www.liverpool.ac.uk/courses/history-ma
2712,History MRes,历史学（MRes）,master,1,https://www.liverpool.ac.uk/courses/history-mres
2712,Human Evolution MSc,人体进化（MSc）,master,1,https://www.liverpool.ac.uk/courses/human-evolution-msc
2712,Human Resource Management and Strategic Organisation MSc,人力资源管理与StrategicOrganisation（MSc）,master,1,https://www.liverpool.ac.uk/courses/human-resource-management-msc
2712,"Infection, Microbiology and Microbiomes MRes","感染,微生物学与Microbiomes（MRes）",master,1,https://www.liverpool.ac.uk/courses/infection-microbiology-and-microbiomes-mres
2712,Infection and Immunity MSc,感染与Immunity（MSc）,master,1,https://www.liverpool.ac.uk/courses/infection-and-immunity-msc
2712,Information Systems Management MSc,信息系统管理学（MSc）,master,1,https://www.liverpool.ac.uk/courses/information-systems-management-msc-online
2712,Information Technology MSc,信息科技（MSc）,master,1,https://www.liverpool.ac.uk/courses/information-technology-msc
2712,Information Technology with a Year in Industry MSc,信息科技（含一年行业实习）（MSc）,master,1,https://www.liverpool.ac.uk/courses/information-technology-with-a-year-in-industry-msc
2712,International Business MSc,国际商业（MSc）,master,1,https://www.liverpool.ac.uk/courses/international-business-msc
2712,International Business Law LLM,国际商业法学（LLM）,master,1,https://www.liverpool.ac.uk/courses/international-business-law-llm-online
2712,International Business and Commercial Law LLM,国际商业与Commercial法学（LLM）,master,1,https://www.liverpool.ac.uk/courses/international-business-and-commercial-law-llm
2712,International Business and Strategy MSc,国际商业与Strategy（MSc）,master,1,https://www.liverpool.ac.uk/courses/international-business-strategy-msc
2712,International Human Resource Management MSc,国际人力资源管理（MSc）,master,1,https://www.liverpool.ac.uk/courses/international-human-resource-management-msc-online
2712,International Human Rights Law LLM,国际人体Rights法学（LLM）,master,1,https://www.liverpool.ac.uk/courses/international-human-rights-law-llm
2712,International Intellectual Property Law LLM,国际IntellectualProperty法学（LLM）,master,1,https://www.liverpool.ac.uk/courses/international-intellectual-property-law-llm
2712,International Relations and Security MA,国际关系与安全（MA）,master,1,https://www.liverpool.ac.uk/courses/international-relations-and-security-ma
2712,International Relations and Security MRes,国际关系与安全（MRes）,master,1,https://www.liverpool.ac.uk/courses/international-relations-and-security-mres
2712,International Slavery Studies MA,国际Slavery研究（MA）,master,1,https://www.liverpool.ac.uk/courses/international-slavery-studies-ma
2712,Investigative and Forensic Psychology MSc,Investigative与Forensic心理学（MSc）,master,1,https://www.liverpool.ac.uk/courses/investigative-and-forensic-psychology-msc
2712,Irish Studies MRes,爱尔兰研究（MRes）,master,1,https://www.liverpool.ac.uk/courses/irish-studies-mres
2712,Italian Studies - Modern Languages and Cultures MRes,意大利语研究-现代语言与文化（MRes）,master,1,https://www.liverpool.ac.uk/courses/italian-studies-modern-languages-and-cultures-mres
2712,Law (General) LLM,法学（综合方向）（LLM）,master,1,https://www.liverpool.ac.uk/courses/law-general-llm
2712,"Law, Medicine and Healthcare LLM","法学,医学与医疗健康（LLM）",master,1,https://www.liverpool.ac.uk/courses/law-medicine-and-healthcare-llm
2712,Management MRes,管理学（MRes）,master,1,https://www.liverpool.ac.uk/courses/management-mres
2712,Management MSc,管理学（MSc）,master,1,https://www.liverpool.ac.uk/courses/management-msc-online
2712,Marketing MSc,市场营销（MSc）,master,1,https://www.liverpool.ac.uk/courses/marketing-msc
2712,Master in Management MIM,硕士管理学（MIM）,master,1,https://www.liverpool.ac.uk/courses/master-in-management-mim
2712,Master of Business Administration MBA,硕士商业行政管理M（BA）,master,1,https://www.liverpool.ac.uk/courses/master-of-business-administration-online
2712,Master of Business Administration (Football Industries) MBA,硕士商业行政管理M（足球产业）（BA）,master,1,https://www.liverpool.ac.uk/courses/master-of-business-administration-football-industries-mba
2712,Master of Business Administration (Online Football Industries) MBA,硕士商业行政管理M（在线足球产业）（BA）,master,1,https://www.liverpool.ac.uk/courses/master-of-business-administration-online-football-industries-mba
2712,Master of Business Administration (The Liverpool MBA) MBA,硕士商业行政管理M（Liverpool）（BA）,master,1,https://www.liverpool.ac.uk/courses/master-of-business-administration-mba
2712,Master of Public Health MPH,硕士公共卫生（MPH）,master,1,https://www.liverpool.ac.uk/courses/master-of-public-health-mph
2712,Master of Public Health MPH,硕士公共卫生（MPH）,master,1,https://www.liverpool.ac.uk/courses/master-of-public-health-mph-online
2712,Master of Public Health (Global Health Pathway) MPH,硕士公共卫生（全球健康方向）（MPH）,master,1,https://www.liverpool.ac.uk/courses/master-of-public-health-global-pathway-mph
2712,Master of Public Health (Global Health Pathway) MPH,硕士公共卫生（全球健康方向）（MPH）,master,1,https://www.liverpool.ac.uk/courses/master-of-public-health-global-health-pathway-mph-online
2712,Master of Public Health (Global Mental Health Pathway) MPH,硕士公共卫生（全球心理健康方向）（MPH）,master,1,https://www.liverpool.ac.uk/courses/master-of-public-health-global-mental-health-pathway-mph-online
2712,Master of Public Health (Health Economics and Policy Pathway) MPH,硕士公共卫生（健康经济与政策方向）（MPH）,master,1,https://www.liverpool.ac.uk/courses/master-of-public-health-health-economics-and-policy-pathway-mph-online
2712,Mathematical Sciences MSc,数学科学（MSc）,master,1,https://www.liverpool.ac.uk/courses/mathematical-sciences-msc
2712,Mechanical Engineering Design with Management MSc (Eng),机械工程设计（含管理方向）（MSc (Eng)）,master,1,https://www.liverpool.ac.uk/courses/mechanical-engineering-design-with-management-msc-eng
2712,Mechanical Engineering with Management MSc (Eng),机械工程（含管理方向）（MSc (Eng)）,master,1,https://www.liverpool.ac.uk/courses/mechanical-engineering-with-management-msc-eng
2712,Medieval History MA,Medieval历史学（MA）,master,1,https://www.liverpool.ac.uk/courses/medieval-history-ma
2712,Mental Health Nursing with Registered Nurse Status MSc,精神健康健康护理学（含RegisteredNurseStatus）（MSc）,master,1,https://www.liverpool.ac.uk/courses/mental-health-nursing-with-registered-nurse-status-msc
2712,Mental Health Psychology MSc,精神健康健康心理学（MSc）,master,1,https://www.liverpool.ac.uk/courses/mental-health-psychology-msc-online
2712,Microelectronic Systems MSc (Eng),微电子系统（MSc (Eng)）,master,1,https://www.liverpool.ac.uk/courses/microelectronic-systems-msc-eng
2712,Microelectronic Systems with a Year in Industry MSc (Eng),微电子系统（含一年行业实习）（MSc (Eng)）,master,1,https://www.liverpool.ac.uk/courses/microelectronic-systems-with-a-year-in-industry-msc-eng
2712,Modern Languages and Cultures MRes,现代语言与文化（MRes）,master,1,https://www.liverpool.ac.uk/courses/modern-languages-and-cultures-mres
2712,"Money, Banking and Financial Economics MSc","Money,Banking与金融经济学（MSc）",master,1,https://www.liverpool.ac.uk/courses/money-banking-and-financial-economics-msc
2712,Musculoskeletal Biomechanics MSc,MusculoskeletalBiomechanics（MSc）,master,1,https://www.liverpool.ac.uk/courses/musculoskeletal-biomechanics-msc
2712,Music MRes,音乐（MRes）,master,1,https://www.liverpool.ac.uk/courses/music-mres
2712,Music Industry Studies MA,音乐行业研究（MA）,master,1,https://www.liverpool.ac.uk/courses/music-industry-studies-ma
2712,Music Management MA,音乐管理（MA）,master,1,https://www.liverpool.ac.uk/courses/music-management-ma
2712,Music Performance and Education MMus,音乐Performance与教育学（MMus）,master,1,https://www.liverpool.ac.uk/courses/performance-mmus
2712,Neuroscience MSc,神经科学（MSc）,master,1,https://www.liverpool.ac.uk/courses/neuroscience-msc
2712,Nursing MSc,护理学（MSc）,master,1,https://www.liverpool.ac.uk/courses/nursing-msc
2712,Occupational Therapy (Pre-registration) MSc,作业治疗（预注册）（MSc）,master,1,https://www.liverpool.ac.uk/courses/occupational-therapy-pre-registration-msc
2712,Occupational and Organisational Psychology MSc,Occupational与组织心理学（MSc）,master,1,https://www.liverpool.ac.uk/courses/occupational-and-organisational-psychology-msc
2712,Operations and Supply Chain Management MSc,Operations与SupplyChain管理学（MSc）,master,1,https://www.liverpool.ac.uk/courses/operations-and-supply-chain-management-msc
2712,Ophthalmic Nursing PGCert,Ophthalmic护理学（PGCert）,master,1,https://www.liverpool.ac.uk/courses/ophthalmic-nursing-pgcert
2712,Organisational and Business Psychology MSc,组织与商业心理学（MSc）,master,1,https://www.liverpool.ac.uk/courses/organisational-and-business-psychology-msc-online
2712,Orthodontics DDSc,正畸学（DDSc）,master,1,https://www.liverpool.ac.uk/courses/orthodontics-ddsc
2712,Orthoptics (Pre-registration) MSc,视轴矫正（预注册）（MSc）,master,1,https://www.liverpool.ac.uk/courses/orthoptics-pre-registration-msc
2712,Paediatric Dentistry DDSc,儿童牙科（DDSc）,master,1,https://www.liverpool.ac.uk/courses/paediatric-dentistry-ddsc
2712,Palaeoanthropology MRes,Palaeoanthropology（MRes）,master,1,https://www.liverpool.ac.uk/courses/palaeoanthropology-mres
2712,Palliative and End of Life Care MSc,Palliative与EndLife护理（MSc）,master,1,https://www.liverpool.ac.uk/courses/palliative-and-end-of-life-care-msc
2712,Pharmacology and Toxicology MSc,药理学与Toxicology（MSc）,master,1,https://www.liverpool.ac.uk/courses/pharmacology-and-toxicology-msc
2712,Philosophy MA,哲学（MA）,master,1,https://www.liverpool.ac.uk/courses/philosophy-ma
2712,Philosophy MRes,哲学（MRes）,master,1,https://www.liverpool.ac.uk/courses/philosophy-mres
2712,Philosophy (Public Policy) MA,哲学（公共政策）（MA）,master,1,https://www.liverpool.ac.uk/courses/philosophy-public-policy-ma
2712,Physiotherapy (Pre-registration) MSc,物理治疗（预注册）（MSc）,master,1,https://www.liverpool.ac.uk/courses/physiotherapy-pre-registration-msc
2712,Planetary and One Health MSc,Planetary与One健康（MSc）,master,1,https://www.liverpool.ac.uk/courses/planetary-and-one-health-msc
2712,Political Science and International Relations MA,Political科学与国际关系（MA）,master,1,https://www.liverpool.ac.uk/courses/political-science-and-international-relations-ma
2712,Portuguese Studies - Modern Languages and Cultures MRes,葡萄牙语研究-现代语言与文化（MRes）,master,1,https://www.liverpool.ac.uk/courses/portuguese-studies-modern-languages-and-cultures-mres
2712,Precision Medicine MSc,Precision医学（MSc）,master,1,https://www.liverpool.ac.uk/courses/precision-medicine-msc
2712,Product Design and Management MSc (Eng),产品设计与管理学（MSc (Eng)）,master,1,https://www.liverpool.ac.uk/courses/product-design-and-management-msc-eng
2712,Professional Doctorate in Health DProfHealth,ProfessionalDoctorate健康DProfHealth,master,1,https://www.liverpool.ac.uk/courses/professional-doctorate-in-health-dprof-health
2712,Project Management MSc,项目管理学（MSc）,master,1,https://www.liverpool.ac.uk/courses/project-management-msc
2712,Project Management MSc,项目管理学（MSc）,master,1,https://www.liverpool.ac.uk/courses/project-management-msc-online
2712,Psychology (Conversion) MSc,心理学（转专业）（MSc）,master,1,https://www.liverpool.ac.uk/courses/psychology-conversion-msc
2712,Psychology (Conversion) MSc,心理学（转专业）（MSc）,master,1,https://www.liverpool.ac.uk/courses/psychology-conversion-msc-online
2712,Public Administration and Policy MA,公共行政管理与政策（MA）,master,1,https://www.liverpool.ac.uk/courses/public-administration-and-policy-ma
2712,Publishing MA,Publishing（MA）,master,1,https://www.liverpool.ac.uk/courses/publishing-ma
2712,Radiation Detection and Measurement for Nuclear Applications MSc,RadiationDetection与Measurement核应用（MSc）,master,1,https://www.liverpool.ac.uk/courses/radiation-detection-and-measurement-for-nuclear-applications-msc
2712,Radiotherapy MSc,Radiotherapy（MSc）,master,1,https://www.liverpool.ac.uk/courses/radiotherapy-msc
2712,Records and Information Management for the Public Sector D/CPS,档案与记录与信息管理学公共SectorD/（CPS）,master,1,https://www.liverpool.ac.uk/courses/records-and-information-management-for-the-public-sector-d-cps-online
2712,Renewable and Sustainable Energy MSc (Eng),可再生与可持续能源（MSc (Eng)）,master,1,https://www.liverpool.ac.uk/courses/renewable-and-sustainable-energy-msc-eng
2712,Renewable and Sustainable Energy with a Year in Industry MSc (Eng),可再生与可持续能源（含一年行业实习）（MSc (Eng)）,master,1,https://www.liverpool.ac.uk/courses/renewable-and-sustainable-energy-with-a-year-in-industry-msc-eng
2712,Research Facility Management MSc,研究Facility管理学（MSc）,master,1,https://www.liverpool.ac.uk/courses/research-facility-management-msc
2712,Research Methods in Psychology MSc,研究方法心理学（MSc）,master,1,https://www.liverpool.ac.uk/courses/research-methods-in-psychology-msc
2712,Researching Crisis and Change in Human Geography MA,ResearchingCrisis与变革人体地理学（MA）,master,1,https://www.liverpool.ac.uk/courses/researching-crisis-and-change-in-human-geography-ma
2712,Robotics and the Internet of Things MSc (Eng),机器人与物联网（MSc (Eng)）,master,1,https://www.liverpool.ac.uk/courses/robotics-and-the-internet-of-things-msc-eng
2712,Robotics and the Internet of Things with a Year in Industry MSc (Eng),机器人与物联网（含一年行业实习）（MSc (Eng)）,master,1,https://www.liverpool.ac.uk/courses/robotics-and-the-internet-of-things-with-a-year-in-industry-msc-eng
2712,Screen Studies MA,Screen研究（MA）,master,1,https://www.liverpool.ac.uk/courses/screen-studies-ma
2712,Social Research MRes,社会研究（MRes）,master,1,https://www.liverpool.ac.uk/courses/social-research-mres
2712,Social Research Methods MA,社会研究方法（MA）,master,1,https://www.liverpool.ac.uk/courses/social-research-methods-ma
2712,Sociolinguistics - Modern Languages and Cultures MRes,Sociolinguistics-现代语言与文化（MRes）,master,1,https://www.liverpool.ac.uk/courses/sociolinguistics-modern-languages-and-cultures-mres
2712,Spanish Studies - Modern Languages and Cultures MRes,西班牙语研究-现代语言与文化（MRes）,master,1,https://www.liverpool.ac.uk/courses/spanish-studies-modern-languages-and-cultures-mres
2712,Sports Business and Analytics MSc,体育商业与分析（MSc）,master,1,https://www.liverpool.ac.uk/courses/sports-business-analytics-msc
2712,Sports Business and Management MSc,体育商业与管理学（MSc）,master,1,https://www.liverpool.ac.uk/courses/sports-business-and-management-msc
2712,Strategic Communication MSc,Strategic传播学（MSc）,master,1,https://www.liverpool.ac.uk/courses/strategic-communication-msc
2712,Sustainable Business MSc,可持续商业（MSc）,master,1,https://www.liverpool.ac.uk/courses/sustainable-business-msc
2712,Sustainable Civil and Structural Engineering MSc (Eng),可持续土木与结构工程（MSc (Eng)）,master,1,https://www.liverpool.ac.uk/courses/sustainable-civil-and-structural-engineering-msc-eng
2712,Sustainable Heritage Management MA,可持续遗产管理学（MA）,master,1,https://www.liverpool.ac.uk/courses/sustainable-heritage-management-ma
2712,Sustainable Urban Planning MA,可持续城市规划（MA）,master,1,https://www.liverpool.ac.uk/courses/sustainable-urban-planning-ma
2712,Teaching English to Speakers of Other Languages (TESOL) MA,对外英语教学（TESOL）（MA）,master,1,https://www.liverpool.ac.uk/courses/teaching-english-to-speakers-of-other-languages-tesol-ma
2712,"The Beatles, Heritage and Culture MA","Beatles,遗产与文化（MA）",master,1,https://www.liverpool.ac.uk/courses/the-beatles-heritage-and-culture-ma-online
2712,Theoretical Computer Science MSc,理论计算机科学（MSc）,master,1,https://www.liverpool.ac.uk/courses/theoretical-computer-science-msc
2712,Theoretical Computer Science with a Year in Industry MSc,理论计算机科学（含一年行业实习）（MSc）,master,1,https://www.liverpool.ac.uk/courses/theoretical-computer-science-with-a-year-in-industry-msc
2712,Therapeutic Radiography and Oncology (Pre-registration) MSc,放射治疗与肿瘤学（预注册）（MSc）,master,1,https://www.liverpool.ac.uk/courses/therapeutic-radiography-and-oncology-pre-registration-msc
2712,Tourism Marketing and Analytics MSc,Tourism市场营销与分析（MSc）,master,1,https://www.liverpool.ac.uk/courses/tourism-marketing-and-analytics-msc
2712,Town and Regional Planning MCD,城市与区域规划（MCD）,master,1,https://www.liverpool.ac.uk/courses/town-and-regional-planning-mcd
2712,Translation MA,翻译（MA）,master,1,https://www.liverpool.ac.uk/courses/translation-ma
2712,Translation Studies - Modern Languages and Cultures MRes,翻译研究-现代语言与文化（MRes）,master,1,https://www.liverpool.ac.uk/courses/translation-studies-modern-languages-and-cultures-mres
2712,University of Law at Liverpool,University法学atLiverpool,master,1,https://www.liverpool.ac.uk/courses/university-of-law-at-liverpool
2712,Urban Design and Planning MCD,城市设计与规划（MCD）,master,1,https://www.liverpool.ac.uk/courses/urban-design-and-planning-mcd
2712,Veterinary Business Management (VBM) PGCert,兽医工商管理（VBM）（PGCert）,master,1,https://www.liverpool.ac.uk/courses/veterinary-business-management-vbm-pgcert
2712,Veterinary Physiotherapy MSc,兽医物理治疗（MSc）,master,1,https://www.liverpool.ac.uk/courses/veterinary-physiotherapy-postgraduate-diploma-msc
2712,Veterinary Physiotherapy MSc,兽医物理治疗（MSc）,master,1,https://www.liverpool.ac.uk/courses/veterinary-physiotherapy-msc
2712,Veterinary Professional Studies MSc,兽医Professional研究（MSc）,master,1,https://www.liverpool.ac.uk/courses/veterinary-professional-studies-postgraduate-certificate-diploma-msc
2712,Visual Culture MA,Visual文化（MA）,master,1,https://www.liverpool.ac.uk/courses/media-culture-and-everyday-life-ma
2712,Wildlife Health and Conservation​ MSc,Wildlife健康与Conservation​（MSc）,master,1,https://www.liverpool.ac.uk/courses/wildlife-health-and-conservation-msc
